Workbook

Sheet Start Here
A1: PurrStone v10.2 — Coder01 Phase 1 independent coding | B1: PurrStone v10.2 — Coder01 Phase 1 independent coding | C1: PurrStone v10.2 — Coder01 Phase 1 independent coding | D1: PurrStone v10.2 — Coder01 Phase 1 independent coding | E1: PurrStone v10.2 — Coder01 Phase 1 independent coding | F1: PurrStone v10.2 — Coder01 Phase 1 independent coding | G1: PurrStone v10.2 — Coder01 Phase 1 independent coding | H1: PurrStone v10.2 — Coder01 Phase 1 independent coding
A2: PurrStone v10.2 — Coder01 Phase 1 independent coding | B2: PurrStone v10.2 — Coder01 Phase 1 independent coding | C2: PurrStone v10.2 — Coder01 Phase 1 independent coding | D2: PurrStone v10.2 — Coder01 Phase 1 independent coding | E2: PurrStone v10.2 — Coder01 Phase 1 independent coding | F2: PurrStone v10.2 — Coder01 Phase 1 independent coding | G2: PurrStone v10.2 — Coder01 Phase 1 independent coding | H2: PurrStone v10.2 — Coder01 Phase 1 independent coding
A4: Complete every yellow field yourself. Identity/contact may be held separately by the administrator, but the workbook must retain a verifiable receipt code. | B4: Complete every yellow field yourself. Identity/contact may be held separately by the administrator, but the workbook must retain a verifiable receipt code. | C4: Complete every yellow field yourself. Identity/contact may be held separately by the administrator, but the workbook must retain a verifiable receipt code. | D4: Complete every yellow field yourself. Identity/contact may be held separately by the administrator, but the workbook must retain a verifiable receipt code. | E4: Complete every yellow field yourself. Identity/contact may be held separately by the administrator, but the workbook must retain a verifiable receipt code. | F4: Complete every yellow field yourself. Identity/contact may be held separately by the administrator, but the workbook must retain a verifiable receipt code. | G4: Complete every yellow field yourself. Identity/contact may be held separately by the administrator, but the workbook must retain a verifiable receipt code. | H4: Complete every yellow field yourself. Identity/contact may be held separately by the administrator, but the workbook must retain a verifiable receipt code.
A6: Package build ID | B6: purrstone-v10.2-pre-coder-q2-r1-20260809
A7: Assigned coder ID | B7: Coder01
A8: Verifier identity/contact held separately by administrator? | B8: Yes
A9: Role / relevant research or qualitative-coding experience | B9: MSc Design Engineering graduate with experience in semi-structured interviews, basic qualitative coding, and checking AI-generated summaries against source material.
A10: Coding protocol read in full? | B10: Yes
A11: I will work independently before consensus. | B11: Yes
A12: I will not seek the condition/item identity key. | B12: Yes
A13: Started at (ISO-8601 + timezone) | B13: 46243.565
A14: Completed at (ISO-8601 + timezone) | B14: 46243.635
A15: Typed name / pseudonymous signature | B15: Coder01
A16: Administrator-issued receipt code | B16: V102-P1-C01-K7M4
A19: Phase 1 formula QA | B19: ='QA Summary'!D12 -> PASS
A21: Workflow boundary: this Phase 1 workbook contains formal A/B scoring, supplementary MP coding, and supplementary UCR proposition segmentation. UCR support labels are intentionally absent. After both segmentations are locked, a common blind inventory will be frozen and issued in separate Phase 2 label workbooks. Do not perform consensus or unblinding in this file. | B21: Workflow boundary: this Phase 1 workbook contains formal A/B scoring, supplementary MP coding, and supplementary UCR proposition segmentation. UCR support labels are intentionally absent. After both segmentations are locked, a common blind inventory will be frozen and issued in separate Phase 2 label workbooks. Do not perform consensus or unblinding in this file. | C21: Workflow boundary: this Phase 1 workbook contains formal A/B scoring, supplementary MP coding, and supplementary UCR proposition segmentation. UCR support labels are intentionally absent. After both segmentations are locked, a common blind inventory will be frozen and issued in separate Phase 2 label workbooks. Do not perform consensus or unblinding in this file. | D21: Workflow boundary: this Phase 1 workbook contains formal A/B scoring, supplementary MP coding, and supplementary UCR proposition segmentation. UCR support labels are intentionally absent. After both segmentations are locked, a common blind inventory will be frozen and issued in separate Phase 2 label workbooks. Do not perform consensus or unblinding in this file. | E21: Workflow boundary: this Phase 1 workbook contains formal A/B scoring, supplementary MP coding, and supplementary UCR proposition segmentation. UCR support labels are intentionally absent. After both segmentations are locked, a common blind inventory will be frozen and issued in separate Phase 2 label workbooks. Do not perform consensus or unblinding in this file. | F21: Workflow boundary: this Phase 1 workbook contains formal A/B scoring, supplementary MP coding, and supplementary UCR proposition segmentation. UCR support labels are intentionally absent. After both segmentations are locked, a common blind inventory will be frozen and issued in separate Phase 2 label workbooks. Do not perform consensus or unblinding in this file. | G21: Workflow boundary: this Phase 1 workbook contains formal A/B scoring, supplementary MP coding, and supplementary UCR proposition segmentation. UCR support labels are intentionally absent. After both segmentations are locked, a common blind inventory will be frozen and issued in separate Phase 2 label workbooks. Do not perform consensus or unblinding in this file. | H21: Workflow boundary: this Phase 1 workbook contains formal A/B scoring, supplementary MP coding, and supplementary UCR proposition segmentation. UCR support labels are intentionally absent. After both segmentations are locked, a common blind inventory will be frozen and issued in separate Phase 2 label workbooks. Do not perform consensus or unblinding in this file.
A22: Workflow boundary: this Phase 1 workbook contains formal A/B scoring, supplementary MP coding, and supplementary UCR proposition segmentation. UCR support labels are intentionally absent. After both segmentations are locked, a common blind inventory will be frozen and issued in separate Phase 2 label workbooks. Do not perform consensus or unblinding in this file. | B22: Workflow boundary: this Phase 1 workbook contains formal A/B scoring, supplementary MP coding, and supplementary UCR proposition segmentation. UCR support labels are intentionally absent. After both segmentations are locked, a common blind inventory will be frozen and issued in separate Phase 2 label workbooks. Do not perform consensus or unblinding in this file. | C22: Workflow boundary: this Phase 1 workbook contains formal A/B scoring, supplementary MP coding, and supplementary UCR proposition segmentation. UCR support labels are intentionally absent. After both segmentations are locked, a common blind inventory will be frozen and issued in separate Phase 2 label workbooks. Do not perform consensus or unblinding in this file. | D22: Workflow boundary: this Phase 1 workbook contains formal A/B scoring, supplementary MP coding, and supplementary UCR proposition segmentation. UCR support labels are intentionally absent. After both segmentations are locked, a common blind inventory will be frozen and issued in separate Phase 2 label workbooks. Do not perform consensus or unblinding in this file. | E22: Workflow boundary: this Phase 1 workbook contains formal A/B scoring, supplementary MP coding, and supplementary UCR proposition segmentation. UCR support labels are intentionally absent. After both segmentations are locked, a common blind inventory will be frozen and issued in separate Phase 2 label workbooks. Do not perform consensus or unblinding in this file. | F22: Workflow boundary: this Phase 1 workbook contains formal A/B scoring, supplementary MP coding, and supplementary UCR proposition segmentation. UCR support labels are intentionally absent. After both segmentations are locked, a common blind inventory will be frozen and issued in separate Phase 2 label workbooks. Do not perform consensus or unblinding in this file. | G22: Workflow boundary: this Phase 1 workbook contains formal A/B scoring, supplementary MP coding, and supplementary UCR proposition segmentation. UCR support labels are intentionally absent. After both segmentations are locked, a common blind inventory will be frozen and issued in separate Phase 2 label workbooks. Do not perform consensus or unblinding in this file. | H22: Workflow boundary: this Phase 1 workbook contains formal A/B scoring, supplementary MP coding, and supplementary UCR proposition segmentation. UCR support labels are intentionally absent. After both segmentations are locked, a common blind inventory will be frozen and issued in separate Phase 2 label workbooks. Do not perform consensus or unblinding in this file.
A23: Workflow boundary: this Phase 1 workbook contains formal A/B scoring, supplementary MP coding, and supplementary UCR proposition segmentation. UCR support labels are intentionally absent. After both segmentations are locked, a common blind inventory will be frozen and issued in separate Phase 2 label workbooks. Do not perform consensus or unblinding in this file. | B23: Workflow boundary: this Phase 1 workbook contains formal A/B scoring, supplementary MP coding, and supplementary UCR proposition segmentation. UCR support labels are intentionally absent. After both segmentations are locked, a common blind inventory will be frozen and issued in separate Phase 2 label workbooks. Do not perform consensus or unblinding in this file. | C23: Workflow boundary: this Phase 1 workbook contains formal A/B scoring, supplementary MP coding, and supplementary UCR proposition segmentation. UCR support labels are intentionally absent. After both segmentations are locked, a common blind inventory will be frozen and issued in separate Phase 2 label workbooks. Do not perform consensus or unblinding in this file. | D23: Workflow boundary: this Phase 1 workbook contains formal A/B scoring, supplementary MP coding, and supplementary UCR proposition segmentation. UCR support labels are intentionally absent. After both segmentations are locked, a common blind inventory will be frozen and issued in separate Phase 2 label workbooks. Do not perform consensus or unblinding in this file. | E23: Workflow boundary: this Phase 1 workbook contains formal A/B scoring, supplementary MP coding, and supplementary UCR proposition segmentation. UCR support labels are intentionally absent. After both segmentations are locked, a common blind inventory will be frozen and issued in separate Phase 2 label workbooks. Do not perform consensus or unblinding in this file. | F23: Workflow boundary: this Phase 1 workbook contains formal A/B scoring, supplementary MP coding, and supplementary UCR proposition segmentation. UCR support labels are intentionally absent. After both segmentations are locked, a common blind inventory will be frozen and issued in separate Phase 2 label workbooks. Do not perform consensus or unblinding in this file. | G23: Workflow boundary: this Phase 1 workbook contains formal A/B scoring, supplementary MP coding, and supplementary UCR proposition segmentation. UCR support labels are intentionally absent. After both segmentations are locked, a common blind inventory will be frozen and issued in separate Phase 2 label workbooks. Do not perform consensus or unblinding in this file. | H23: Workflow boundary: this Phase 1 workbook contains formal A/B scoring, supplementary MP coding, and supplementary UCR proposition segmentation. UCR support labels are intentionally absent. After both segmentations are locked, a common blind inventory will be frozen and issued in separate Phase 2 label workbooks. Do not perform consensus or unblinding in this file.
A24: Workflow boundary: this Phase 1 workbook contains formal A/B scoring, supplementary MP coding, and supplementary UCR proposition segmentation. UCR support labels are intentionally absent. After both segmentations are locked, a common blind inventory will be frozen and issued in separate Phase 2 label workbooks. Do not perform consensus or unblinding in this file. | B24: Workflow boundary: this Phase 1 workbook contains formal A/B scoring, supplementary MP coding, and supplementary UCR proposition segmentation. UCR support labels are intentionally absent. After both segmentations are locked, a common blind inventory will be frozen and issued in separate Phase 2 label workbooks. Do not perform consensus or unblinding in this file. | C24: Workflow boundary: this Phase 1 workbook contains formal A/B scoring, supplementary MP coding, and supplementary UCR proposition segmentation. UCR support labels are intentionally absent. After both segmentations are locked, a common blind inventory will be frozen and issued in separate Phase 2 label workbooks. Do not perform consensus or unblinding in this file. | D24: Workflow boundary: this Phase 1 workbook contains formal A/B scoring, supplementary MP coding, and supplementary UCR proposition segmentation. UCR support labels are intentionally absent. After both segmentations are locked, a common blind inventory will be frozen and issued in separate Phase 2 label workbooks. Do not perform consensus or unblinding in this file. | E24: Workflow boundary: this Phase 1 workbook contains formal A/B scoring, supplementary MP coding, and supplementary UCR proposition segmentation. UCR support labels are intentionally absent. After both segmentations are locked, a common blind inventory will be frozen and issued in separate Phase 2 label workbooks. Do not perform consensus or unblinding in this file. | F24: Workflow boundary: this Phase 1 workbook contains formal A/B scoring, supplementary MP coding, and supplementary UCR proposition segmentation. UCR support labels are intentionally absent. After both segmentations are locked, a common blind inventory will be frozen and issued in separate Phase 2 label workbooks. Do not perform consensus or unblinding in this file. | G24: Workflow boundary: this Phase 1 workbook contains formal A/B scoring, supplementary MP coding, and supplementary UCR proposition segmentation. UCR support labels are intentionally absent. After both segmentations are locked, a common blind inventory will be frozen and issued in separate Phase 2 label workbooks. Do not perform consensus or unblinding in this file. | H24: Workflow boundary: this Phase 1 workbook contains formal A/B scoring, supplementary MP coding, and supplementary UCR proposition segmentation. UCR support labels are intentionally absent. After both segmentations are locked, a common blind inventory will be frozen and issued in separate Phase 2 label workbooks. Do not perform consensus or unblinding in this file.

Sheet A-B Coding
A1: Part A — Formal blinded A/B output-quality coding (10 complete pairs) | B1: Part A — Formal blinded A/B output-quality coding (10 complete pairs) | C1: Part A — Formal blinded A/B output-quality coding (10 complete pairs) | D1: Part A — Formal blinded A/B output-quality coding (10 complete pairs) | E1: Part A — Formal blinded A/B output-quality coding (10 complete pairs) | F1: Part A — Formal blinded A/B output-quality coding (10 complete pairs) | G1: Part A — Formal blinded A/B output-quality coding (10 complete pairs) | H1: Part A — Formal blinded A/B output-quality coding (10 complete pairs) | I1: Part A — Formal blinded A/B output-quality coding (10 complete pairs) | J1: Part A — Formal blinded A/B output-quality coding (10 complete pairs) | K1: Part A — Formal blinded A/B output-quality coding (10 complete pairs) | L1: Part A — Formal blinded A/B output-quality coding (10 complete pairs) | M1: Part A — Formal blinded A/B output-quality coding (10 complete pairs) | N1: Part A — Formal blinded A/B output-quality coding (10 complete pairs) | O1: Part A — Formal blinded A/B output-quality coding (10 complete pairs) | P1: Part A — Formal blinded A/B output-quality coding (10 complete pairs) | Q1: Part A — Formal blinded A/B output-quality coding (10 complete pairs) | R1: Part A — Formal blinded A/B output-quality coding (10 complete pairs) | S1: Part A — Formal blinded A/B output-quality coding (10 complete pairs) | T1: Part A — Formal blinded A/B output-quality coding (10 complete pairs) | U1: Part A — Formal blinded A/B output-quality coding (10 complete pairs) | V1: Part A — Formal blinded A/B output-quality coding (10 complete pairs)
A2: Part A — Formal blinded A/B output-quality coding (10 complete pairs) | B2: Part A — Formal blinded A/B output-quality coding (10 complete pairs) | C2: Part A — Formal blinded A/B output-quality coding (10 complete pairs) | D2: Part A — Formal blinded A/B output-quality coding (10 complete pairs) | E2: Part A — Formal blinded A/B output-quality coding (10 complete pairs) | F2: Part A — Formal blinded A/B output-quality coding (10 complete pairs) | G2: Part A — Formal blinded A/B output-quality coding (10 complete pairs) | H2: Part A — Formal blinded A/B output-quality coding (10 complete pairs) | I2: Part A — Formal blinded A/B output-quality coding (10 complete pairs) | J2: Part A — Formal blinded A/B output-quality coding (10 complete pairs) | K2: Part A — Formal blinded A/B output-quality coding (10 complete pairs) | L2: Part A — Formal blinded A/B output-quality coding (10 complete pairs) | M2: Part A — Formal blinded A/B output-quality coding (10 complete pairs) | N2: Part A — Formal blinded A/B output-quality coding (10 complete pairs) | O2: Part A — Formal blinded A/B output-quality coding (10 complete pairs) | P2: Part A — Formal blinded A/B output-quality coding (10 complete pairs) | Q2: Part A — Formal blinded A/B output-quality coding (10 complete pairs) | R2: Part A — Formal blinded A/B output-quality coding (10 complete pairs) | S2: Part A — Formal blinded A/B output-quality coding (10 complete pairs) | T2: Part A — Formal blinded A/B output-quality coding (10 complete pairs) | U2: Part A — Formal blinded A/B output-quality coding (10 complete pairs) | V2: Part A — Formal blinded A/B output-quality coding (10 complete pairs)
A3: Scores: 1=very poor, 5=very strong. Q2 is scored only when at least one material contains a missing-information follow-up probe. It is prefilled N/A for ordinary primary questions, Skip/Stop handling, boundary responses, and pairs with no probe. Do not alter metadata or rule mapping. | B3: Scores: 1=very poor, 5=very strong. Q2 is scored only when at least one material contains a missing-information follow-up probe. It is prefilled N/A for ordinary primary questions, Skip/Stop handling, boundary responses, and pairs with no probe. Do not alter metadata or rule mapping. | C3: Scores: 1=very poor, 5=very strong. Q2 is scored only when at least one material contains a missing-information follow-up probe. It is prefilled N/A for ordinary primary questions, Skip/Stop handling, boundary responses, and pairs with no probe. Do not alter metadata or rule mapping. | D3: Scores: 1=very poor, 5=very strong. Q2 is scored only when at least one material contains a missing-information follow-up probe. It is prefilled N/A for ordinary primary questions, Skip/Stop handling, boundary responses, and pairs with no probe. Do not alter metadata or rule mapping. | E3: Scores: 1=very poor, 5=very strong. Q2 is scored only when at least one material contains a missing-information follow-up probe. It is prefilled N/A for ordinary primary questions, Skip/Stop handling, boundary responses, and pairs with no probe. Do not alter metadata or rule mapping. | F3: Scores: 1=very poor, 5=very strong. Q2 is scored only when at least one material contains a missing-information follow-up probe. It is prefilled N/A for ordinary primary questions, Skip/Stop handling, boundary responses, and pairs with no probe. Do not alter metadata or rule mapping. | G3: Scores: 1=very poor, 5=very strong. Q2 is scored only when at least one material contains a missing-information follow-up probe. It is prefilled N/A for ordinary primary questions, Skip/Stop handling, boundary responses, and pairs with no probe. Do not alter metadata or rule mapping. | H3: Scores: 1=very poor, 5=very strong. Q2 is scored only when at least one material contains a missing-information follow-up probe. It is prefilled N/A for ordinary primary questions, Skip/Stop handling, boundary responses, and pairs with no probe. Do not alter metadata or rule mapping. | I3: Scores: 1=very poor, 5=very strong. Q2 is scored only when at least one material contains a missing-information follow-up probe. It is prefilled N/A for ordinary primary questions, Skip/Stop handling, boundary responses, and pairs with no probe. Do not alter metadata or rule mapping. | J3: Scores: 1=very poor, 5=very strong. Q2 is scored only when at least one material contains a missing-information follow-up probe. It is prefilled N/A for ordinary primary questions, Skip/Stop handling, boundary responses, and pairs with no probe. Do not alter metadata or rule mapping. | K3: Scores: 1=very poor, 5=very strong. Q2 is scored only when at least one material contains a missing-information follow-up probe. It is prefilled N/A for ordinary primary questions, Skip/Stop handling, boundary responses, and pairs with no probe. Do not alter metadata or rule mapping. | L3: Scores: 1=very poor, 5=very strong. Q2 is scored only when at least one material contains a missing-information follow-up probe. It is prefilled N/A for ordinary primary questions, Skip/Stop handling, boundary responses, and pairs with no probe. Do not alter metadata or rule mapping. | M3: Scores: 1=very poor, 5=very strong. Q2 is scored only when at least one material contains a missing-information follow-up probe. It is prefilled N/A for ordinary primary questions, Skip/Stop handling, boundary responses, and pairs with no probe. Do not alter metadata or rule mapping. | N3: Scores: 1=very poor, 5=very strong. Q2 is scored only when at least one material contains a missing-information follow-up probe. It is prefilled N/A for ordinary primary questions, Skip/Stop handling, boundary responses, and pairs with no probe. Do not alter metadata or rule mapping. | O3: Scores: 1=very poor, 5=very strong. Q2 is scored only when at least one material contains a missing-information follow-up probe. It is prefilled N/A for ordinary primary questions, Skip/Stop handling, boundary responses, and pairs with no probe. Do not alter metadata or rule mapping. | P3: Scores: 1=very poor, 5=very strong. Q2 is scored only when at least one material contains a missing-information follow-up probe. It is prefilled N/A for ordinary primary questions, Skip/Stop handling, boundary responses, and pairs with no probe. Do not alter metadata or rule mapping. | Q3: Scores: 1=very poor, 5=very strong. Q2 is scored only when at least one material contains a missing-information follow-up probe. It is prefilled N/A for ordinary primary questions, Skip/Stop handling, boundary responses, and pairs with no probe. Do not alter metadata or rule mapping. | R3: Scores: 1=very poor, 5=very strong. Q2 is scored only when at least one material contains a missing-information follow-up probe. It is prefilled N/A for ordinary primary questions, Skip/Stop handling, boundary responses, and pairs with no probe. Do not alter metadata or rule mapping. | S3: Scores: 1=very poor, 5=very strong. Q2 is scored only when at least one material contains a missing-information follow-up probe. It is prefilled N/A for ordinary primary questions, Skip/Stop handling, boundary responses, and pairs with no probe. Do not alter metadata or rule mapping. | T3: Scores: 1=very poor, 5=very strong. Q2 is scored only when at least one material contains a missing-information follow-up probe. It is prefilled N/A for ordinary primary questions, Skip/Stop handling, boundary responses, and pairs with no probe. Do not alter metadata or rule mapping. | U3: Scores: 1=very poor, 5=very strong. Q2 is scored only when at least one material contains a missing-information follow-up probe. It is prefilled N/A for ordinary primary questions, Skip/Stop handling, boundary responses, and pairs with no probe. Do not alter metadata or rule mapping. | V3: Scores: 1=very poor, 5=very strong. Q2 is scored only when at least one material contains a missing-information follow-up probe. It is prefilled N/A for ordinary primary questions, Skip/Stop handling, boundary responses, and pairs with no probe. Do not alter metadata or rule mapping.
A5: Review package ID | B5: Blind pair ID | C5: Coder ID | D5: Q2 mode | E5: Material file | F5: A Q1 | G5: B Q1 | H5: A Q2 | I5: B Q2 | J5: A Q3 | K5: B Q3 | L5: A Q4 | M5: B Q4 | N5: A Q5 | O5: B Q5 | P5: Overall preference | Q5: Confidence | R5: Short rationale (≥10 chars) | S5: Issue flags JSON | T5: Completed at | U5: Row QA | V5: Rule-map QA
A6: purrstone-v10.2-pre-coder-q2-r1-20260809 | B6: BP-001 | C6: Coder01 | D6: BOTH_NA_REQUIRED | E6: materials/ab/pairs/BP-001.html | F6: 5 | G6: 5 | H6: N/A | I6: N/A | J6: 5 | K6: 5 | L6: 5 | M6: 4 | N6: 5 | O6: 5 | P6: A | Q6: 3 | R6: Both remain within the design-research boundary and the evidence is fully grounded. A is stronger on participant control because the boundary response explicitly reminds the participant that Skip and Stop remain available. | S6: ["B_control_reminder_less_explicit"] | T6: 46243.569 | U6: =IF(AND($A6<>"",$B6<>"",$C6<>"",ISNUMBER($F6),ISNUMBER($G6),ISNUMBER($J6),ISNUMBER($K6),ISNUMBER($L6),ISNUMBER($M6),ISNUMBER($N6),ISNUMBER($O6),OR(AND($D6="BOTH_NA_REQUIRED",$H6="N/A",$I6="N/A"),AND($D6="BOTH_SCORED_REQUIRED",ISNUMBER($H6),ISNUMBER($I6))),OR($P6="A",$P6="B",$P6="Tie"),ISNUMBER($Q6),LEN(TRIM($R6))>=10,LEFT(TRIM($S6),1)="[",RIGHT(TRIM($S6),1)="]",$T6<>""),"PASS","INCOMPLETE") -> PASS | V6: =IF(AND($B6='QA Rules'!$B$3,$D6='QA Rules'!$C$3),"PASS","RULE_ERROR") -> PASS
A7: purrstone-v10.2-pre-coder-q2-r1-20260809 | B7: BP-002 | C7: Coder01 | D7: BOTH_SCORED_REQUIRED | E7: materials/ab/pairs/BP-002.html | F7: 4 | G7: 4 | H7: 4 | I7: 5 | J7: 5 | K7: 5 | L7: 5 | M7: 3 | N7: 5 | O7: 4 | P7: A | Q7: 3 | R7: B's probe names both missing elements a little more directly, but A has the stronger overall flow: after the failed probe it actually asks the triggers question, whereas B moves on without asking it before the triggers answer appears. | S7: ["B_transition_missing_trigger_question"] | T7: 46243.573 | U7: =IF(AND($A7<>"",$B7<>"",$C7<>"",ISNUMBER($F7),ISNUMBER($G7),ISNUMBER($J7),ISNUMBER($K7),ISNUMBER($L7),ISNUMBER($M7),ISNUMBER($N7),ISNUMBER($O7),OR(AND($D7="BOTH_NA_REQUIRED",$H7="N/A",$I7="N/A"),AND($D7="BOTH_SCORED_REQUIRED",ISNUMBER($H7),ISNUMBER($I7))),OR($P7="A",$P7="B",$P7="Tie"),ISNUMBER($Q7),LEN(TRIM($R7))>=10,LEFT(TRIM($S7),1)="[",RIGHT(TRIM($S7),1)="]",$T7<>""),"PASS","INCOMPLETE") -> PASS | V7: =IF(AND($B7='QA Rules'!$B$4,$D7='QA Rules'!$C$4),"PASS","RULE_ERROR") -> PASS
A8: purrstone-v10.2-pre-coder-q2-r1-20260809 | B8: BP-003 | C8: Coder01 | D8: BOTH_SCORED_REQUIRED | E8: materials/ab/pairs/BP-003.html | F8: 4 | G8: 4 | H8: 5 | I8: 4 | J8: 5 | K8: 5 | L8: 3 | M8: 5 | N8: 4 | O8: 5 | P8: B | Q8: 3 | R8: The probe in A is slightly clearer about both missing experience details, but B is stronger overall because it explicitly asks the next protocol question. In A, a triggers response appears after a transition statement rather than a question. | S8: ["A_transition_missing_trigger_question"] | T8: 46243.576 | U8: =IF(AND($A8<>"",$B8<>"",$C8<>"",ISNUMBER($F8),ISNUMBER($G8),ISNUMBER($J8),ISNUMBER($K8),ISNUMBER($L8),ISNUMBER($M8),ISNUMBER($N8),ISNUMBER($O8),OR(AND($D8="BOTH_NA_REQUIRED",$H8="N/A",$I8="N/A"),AND($D8="BOTH_SCORED_REQUIRED",ISNUMBER($H8),ISNUMBER($I8))),OR($P8="A",$P8="B",$P8="Tie"),ISNUMBER($Q8),LEN(TRIM($R8))>=10,LEFT(TRIM($S8),1)="[",RIGHT(TRIM($S8),1)="]",$T8<>""),"PASS","INCOMPLETE") -> PASS | V8: =IF(AND($B8='QA Rules'!$B$5,$D8='QA Rules'!$C$5),"PASS","RULE_ERROR") -> PASS
A9: purrstone-v10.2-pre-coder-q2-r1-20260809 | B9: BP-004 | C9: Coder01 | D9: BOTH_NA_REQUIRED | E9: materials/ab/pairs/BP-004.html | F9: 5 | G9: 5 | H9: N/A | I9: N/A | J9: 5 | K9: 5 | L9: 5 | M9: 5 | N9: 5 | O9: 5 | P9: Tie | Q9: 3 | R9: Both cover the protocol and present the same traceable evidence. The extra acknowledgement in A changes the conversational tone but not coverage, grounding, control, or reviewability. | S9: [] | T9: 46243.58 | U9: =IF(AND($A9<>"",$B9<>"",$C9<>"",ISNUMBER($F9),ISNUMBER($G9),ISNUMBER($J9),ISNUMBER($K9),ISNUMBER($L9),ISNUMBER($M9),ISNUMBER($N9),ISNUMBER($O9),OR(AND($D9="BOTH_NA_REQUIRED",$H9="N/A",$I9="N/A"),AND($D9="BOTH_SCORED_REQUIRED",ISNUMBER($H9),ISNUMBER($I9))),OR($P9="A",$P9="B",$P9="Tie"),ISNUMBER($Q9),LEN(TRIM($R9))>=10,LEFT(TRIM($S9),1)="[",RIGHT(TRIM($S9),1)="]",$T9<>""),"PASS","INCOMPLETE") -> PASS | V9: =IF(AND($B9='QA Rules'!$B$6,$D9='QA Rules'!$C$6),"PASS","RULE_ERROR") -> PASS
A10: purrstone-v10.2-pre-coder-q2-r1-20260809 | B10: BP-005 | C10: Coder01 | D10: BOTH_NA_REQUIRED | E10: materials/ab/pairs/BP-005.html | F10: 5 | G10: 5 | H10: N/A | I10: N/A | J10: 5 | K10: 5 | L10: 5 | M10: 5 | N10: 5 | O10: 5 | P10: Tie | Q10: 3 | R10: I found no substantive difference across the applicable criteria. A is more conversational and B more concise, but both preserve the participant material and are equally easy to review. | S10: [] | T10: 46243.583 | U10: =IF(AND($A10<>"",$B10<>"",$C10<>"",ISNUMBER($F10),ISNUMBER($G10),ISNUMBER($J10),ISNUMBER($K10),ISNUMBER($L10),ISNUMBER($M10),ISNUMBER($N10),ISNUMBER($O10),OR(AND($D10="BOTH_NA_REQUIRED",$H10="N/A",$I10="N/A"),AND($D10="BOTH_SCORED_REQUIRED",ISNUMBER($H10),ISNUMBER($I10))),OR($P10="A",$P10="B",$P10="Tie"),ISNUMBER($Q10),LEN(TRIM($R10))>=10,LEFT(TRIM($S10),1)="[",RIGHT(TRIM($S10),1)="]",$T10<>""),"PASS","INCOMPLETE") -> PASS | V10: =IF(AND($B10='QA Rules'!$B$7,$D10='QA Rules'!$C$7),"PASS","RULE_ERROR") -> PASS
A11: purrstone-v10.2-pre-coder-q2-r1-20260809 | B11: BP-006 | C11: Coder01 | D11: BOTH_NA_REQUIRED | E11: materials/ab/pairs/BP-006.html | F11: 5 | G11: 5 | H11: N/A | I11: N/A | J11: 5 | K11: 5 | L11: 5 | M11: 4 | N11: 5 | O11: 5 | P11: A | Q11: 3 | R11: Both correctly refuse the diagnostic and medication request and keep the evidence grounded. A gives clearer participant control by repeating the option to Skip or Stop before returning to the lived-experience question. | S11: ["B_control_reminder_less_explicit"] | T11: 46243.586 | U11: =IF(AND($A11<>"",$B11<>"",$C11<>"",ISNUMBER($F11),ISNUMBER($G11),ISNUMBER($J11),ISNUMBER($K11),ISNUMBER($L11),ISNUMBER($M11),ISNUMBER($N11),ISNUMBER($O11),OR(AND($D11="BOTH_NA_REQUIRED",$H11="N/A",$I11="N/A"),AND($D11="BOTH_SCORED_REQUIRED",ISNUMBER($H11),ISNUMBER($I11))),OR($P11="A",$P11="B",$P11="Tie"),ISNUMBER($Q11),LEN(TRIM($R11))>=10,LEFT(TRIM($S11),1)="[",RIGHT(TRIM($S11),1)="]",$T11<>""),"PASS","INCOMPLETE") -> PASS | V11: =IF(AND($B11='QA Rules'!$B$8,$D11='QA Rules'!$C$8),"PASS","RULE_ERROR") -> PASS
A12: purrstone-v10.2-pre-coder-q2-r1-20260809 | B12: BP-007 | C12: Coder01 | D12: BOTH_SCORED_REQUIRED | E12: materials/ab/pairs/BP-007.html | F12: 5 | G12: 5 | H12: 5 | I12: 4 | J12: 5 | K12: 5 | L12: 5 | M12: 5 | N12: 5 | O12: 5 | P12: A | Q12: 2 | R12: Both probes are neutral and successful. I slightly prefer A's wording because it separately asks what happened and why it felt overwhelming, which maps more transparently to the two missing requirements. | S12: [] | T12: 46243.59 | U12: =IF(AND($A12<>"",$B12<>"",$C12<>"",ISNUMBER($F12),ISNUMBER($G12),ISNUMBER($J12),ISNUMBER($K12),ISNUMBER($L12),ISNUMBER($M12),ISNUMBER($N12),ISNUMBER($O12),OR(AND($D12="BOTH_NA_REQUIRED",$H12="N/A",$I12="N/A"),AND($D12="BOTH_SCORED_REQUIRED",ISNUMBER($H12),ISNUMBER($I12))),OR($P12="A",$P12="B",$P12="Tie"),ISNUMBER($Q12),LEN(TRIM($R12))>=10,LEFT(TRIM($S12),1)="[",RIGHT(TRIM($S12),1)="]",$T12<>""),"PASS","INCOMPLETE") -> PASS | V12: =IF(AND($B12='QA Rules'!$B$9,$D12='QA Rules'!$C$9),"PASS","RULE_ERROR") -> PASS
A13: purrstone-v10.2-pre-coder-q2-r1-20260809 | B13: BP-008 | C13: Coder01 | D13: BOTH_SCORED_REQUIRED | E13: materials/ab/pairs/BP-008.html | F13: 5 | G13: 5 | H13: 5 | I13: 4 | J13: 5 | K13: 5 | L13: 5 | M13: 5 | N13: 5 | O13: 5 | P13: A | Q13: 2 | R13: Both versions obtain the missing experience detail and then complete the protocol. A's probe makes the two missing elements a little more explicit, so I gave it a small Q2 edge; the remaining evidence is effectively equivalent. | S13: [] | T13: 46243.593 | U13: =IF(AND($A13<>"",$B13<>"",$C13<>"",ISNUMBER($F13),ISNUMBER($G13),ISNUMBER($J13),ISNUMBER($K13),ISNUMBER($L13),ISNUMBER($M13),ISNUMBER($N13),ISNUMBER($O13),OR(AND($D13="BOTH_NA_REQUIRED",$H13="N/A",$I13="N/A"),AND($D13="BOTH_SCORED_REQUIRED",ISNUMBER($H13),ISNUMBER($I13))),OR($P13="A",$P13="B",$P13="Tie"),ISNUMBER($Q13),LEN(TRIM($R13))>=10,LEFT(TRIM($S13),1)="[",RIGHT(TRIM($S13),1)="]",$T13<>""),"PASS","INCOMPLETE") -> PASS | V13: =IF(AND($B13='QA Rules'!$B$10,$D13='QA Rules'!$C$10),"PASS","RULE_ERROR") -> PASS
A14: purrstone-v10.2-pre-coder-q2-r1-20260809 | B14: BP-009 | C14: Coder01 | D14: BOTH_NA_REQUIRED | E14: materials/ab/pairs/BP-009.html | F14: 2 | G14: 2 | H14: N/A | I14: N/A | J14: 4 | K14: 4 | L14: 5 | M14: 5 | N14: 5 | O14: 4 | P14: A | Q14: 2 | R14: Both respect Stop immediately. A leaves a more inspectable record by identifying the four unassessed trigger/sign fields, while B records the stop but leaves those missing fields unspecified. | S14: ["B_stopped_topic_missing_fields_not_listed"] | T14: 46243.596 | U14: =IF(AND($A14<>"",$B14<>"",$C14<>"",ISNUMBER($F14),ISNUMBER($G14),ISNUMBER($J14),ISNUMBER($K14),ISNUMBER($L14),ISNUMBER($M14),ISNUMBER($N14),ISNUMBER($O14),OR(AND($D14="BOTH_NA_REQUIRED",$H14="N/A",$I14="N/A"),AND($D14="BOTH_SCORED_REQUIRED",ISNUMBER($H14),ISNUMBER($I14))),OR($P14="A",$P14="B",$P14="Tie"),ISNUMBER($Q14),LEN(TRIM($R14))>=10,LEFT(TRIM($S14),1)="[",RIGHT(TRIM($S14),1)="]",$T14<>""),"PASS","INCOMPLETE") -> PASS | V14: =IF(AND($B14='QA Rules'!$B$11,$D14='QA Rules'!$C$11),"PASS","RULE_ERROR") -> PASS
A15: purrstone-v10.2-pre-coder-q2-r1-20260809 | B15: BP-010 | C15: Coder01 | D15: BOTH_NA_REQUIRED | E15: materials/ab/pairs/BP-010.html | F15: 4 | G15: 4 | H15: N/A | I15: N/A | J15: 5 | K15: 5 | L15: 2 | M15: 5 | N15: 3 | O15: 5 | P15: B | Q15: 3 | R15: B is materially clearer on participant control. A records a second Skip under Triggers & signs and then immediately contains a triggers response, creating a contradiction in the control history; B has no such inconsistency. | S15: ["A_conflicting_skip_record"] | T15: 46243.6 | U15: =IF(AND($A15<>"",$B15<>"",$C15<>"",ISNUMBER($F15),ISNUMBER($G15),ISNUMBER($J15),ISNUMBER($K15),ISNUMBER($L15),ISNUMBER($M15),ISNUMBER($N15),ISNUMBER($O15),OR(AND($D15="BOTH_NA_REQUIRED",$H15="N/A",$I15="N/A"),AND($D15="BOTH_SCORED_REQUIRED",ISNUMBER($H15),ISNUMBER($I15))),OR($P15="A",$P15="B",$P15="Tie"),ISNUMBER($Q15),LEN(TRIM($R15))>=10,LEFT(TRIM($S15),1)="[",RIGHT(TRIM($S15),1)="]",$T15<>""),"PASS","INCOMPLETE") -> PASS | V15: =IF(AND($B15='QA Rules'!$B$12,$D15='QA Rules'!$C$12),"PASS","RULE_ERROR") -> PASS

Sheet MP Coding
A1: Part B — Supplementary Meaning Preservation coding (9 blind items) | B1: Part B — Supplementary Meaning Preservation coding (9 blind items) | C1: Part B — Supplementary Meaning Preservation coding (9 blind items) | D1: Part B — Supplementary Meaning Preservation coding (9 blind items) | E1: Part B — Supplementary Meaning Preservation coding (9 blind items) | F1: Part B — Supplementary Meaning Preservation coding (9 blind items) | G1: Part B — Supplementary Meaning Preservation coding (9 blind items) | H1: Part B — Supplementary Meaning Preservation coding (9 blind items) | I1: Part B — Supplementary Meaning Preservation coding (9 blind items) | J1: Part B — Supplementary Meaning Preservation coding (9 blind items) | K1: Part B — Supplementary Meaning Preservation coding (9 blind items) | L1: Part B — Supplementary Meaning Preservation coding (9 blind items)
A2: Part B — Supplementary Meaning Preservation coding (9 blind items) | B2: Part B — Supplementary Meaning Preservation coding (9 blind items) | C2: Part B — Supplementary Meaning Preservation coding (9 blind items) | D2: Part B — Supplementary Meaning Preservation coding (9 blind items) | E2: Part B — Supplementary Meaning Preservation coding (9 blind items) | F2: Part B — Supplementary Meaning Preservation coding (9 blind items) | G2: Part B — Supplementary Meaning Preservation coding (9 blind items) | H2: Part B — Supplementary Meaning Preservation coding (9 blind items) | I2: Part B — Supplementary Meaning Preservation coding (9 blind items) | J2: Part B — Supplementary Meaning Preservation coding (9 blind items) | K2: Part B — Supplementary Meaning Preservation coding (9 blind items) | L2: Part B — Supplementary Meaning Preservation coding (9 blind items)
A3: Compare final reviewed evidence with the displayed participant source. This is a supplementary contract-clarification analysis; it is not a completed formal primary result. | B3: Compare final reviewed evidence with the displayed participant source. This is a supplementary contract-clarification analysis; it is not a completed formal primary result. | C3: Compare final reviewed evidence with the displayed participant source. This is a supplementary contract-clarification analysis; it is not a completed formal primary result. | D3: Compare final reviewed evidence with the displayed participant source. This is a supplementary contract-clarification analysis; it is not a completed formal primary result. | E3: Compare final reviewed evidence with the displayed participant source. This is a supplementary contract-clarification analysis; it is not a completed formal primary result. | F3: Compare final reviewed evidence with the displayed participant source. This is a supplementary contract-clarification analysis; it is not a completed formal primary result. | G3: Compare final reviewed evidence with the displayed participant source. This is a supplementary contract-clarification analysis; it is not a completed formal primary result. | H3: Compare final reviewed evidence with the displayed participant source. This is a supplementary contract-clarification analysis; it is not a completed formal primary result. | I3: Compare final reviewed evidence with the displayed participant source. This is a supplementary contract-clarification analysis; it is not a completed formal primary result. | J3: Compare final reviewed evidence with the displayed participant source. This is a supplementary contract-clarification analysis; it is not a completed formal primary result. | K3: Compare final reviewed evidence with the displayed participant source. This is a supplementary contract-clarification analysis; it is not a completed formal primary result. | L3: Compare final reviewed evidence with the displayed participant source. This is a supplementary contract-clarification analysis; it is not a completed formal primary result.
A5: Review package ID | B5: Blind item ID | C5: Coder ID | D5: Material file | E5: Topic | F5: MP label | G5: Error category | H5: Source-based rationale (≥10 chars) | I5: Confidence | J5: Completed at | K5: Row QA | L5: Rule-map QA
A6: purrstone-v10.2-pre-coder-q2-r1-20260809 | B6: SF-001 | C6: Coder01 | D6: materials/mp_ucr/items/SF-001.html | E6: Triggers Signs | F6: preserved | G6: none | H6: The final evidence retains the three stated triggers, both bodily reactions, and panic without adding or dropping substantive meaning. | I6: 3 | J6: 46243.601 | K6: =IF(AND($A6<>"",$B6<>"",$C6<>"",OR($F6="preserved",$F6="not_preserved",$F6="uncertain"),$G6<>"",LEN(TRIM($H6))>=10,ISNUMBER($I6),$J6<>"",OR(AND($F6="preserved",$G6="none"),AND($F6<>"preserved",$G6<>"none"))),"PASS","INCOMPLETE") -> PASS | L6: =IF($B6='QA Rules'!$B$16,"PASS","RULE_ERROR") -> PASS
A7: purrstone-v10.2-pre-coder-q2-r1-20260809 | B7: SF-002 | C7: Coder01 | D7: materials/mp_ucr/items/SF-002.html | E7: Coping Support | F7: preserved | G7: none | H7: The three coping actions, both forms of support that might have helped, and the reason repeated announcements were unhelpful are all retained. | I7: 3 | J7: 46243.603 | K7: =IF(AND($A7<>"",$B7<>"",$C7<>"",OR($F7="preserved",$F7="not_preserved",$F7="uncertain"),$G7<>"",LEN(TRIM($H7))>=10,ISNUMBER($I7),$J7<>"",OR(AND($F7="preserved",$G7="none"),AND($F7<>"preserved",$G7<>"none"))),"PASS","INCOMPLETE") -> PASS | L7: =IF($B7='QA Rules'!$B$17,"PASS","RULE_ERROR") -> PASS
A8: purrstone-v10.2-pre-coder-q2-r1-20260809 | B8: SF-003 | C8: Coder01 | D8: materials/mp_ucr/items/SF-003.html | E8: Support Concept Reaction | F8: preserved | G8: none | H8: Squeeze, haptic pacing, the scent concern, and the requirement that features remain optional all preserve the participant's qualifications. | I8: 3 | J8: 46243.605 | K8: =IF(AND($A8<>"",$B8<>"",$C8<>"",OR($F8="preserved",$F8="not_preserved",$F8="uncertain"),$G8<>"",LEN(TRIM($H8))>=10,ISNUMBER($I8),$J8<>"",OR(AND($F8="preserved",$G8="none"),AND($F8<>"preserved",$G8<>"none"))),"PASS","INCOMPLETE") -> PASS | L8: =IF($B8='QA Rules'!$B$18,"PASS","RULE_ERROR") -> PASS
A9: purrstone-v10.2-pre-coder-q2-r1-20260809 | B9: SF-004 | C9: Coder01 | D9: materials/mp_ucr/items/SF-004.html | E9: Coping Support | F9: preserved | G9: none | H9: This is a direct source extract; no substantive content or qualification has been added, removed, or contradicted. | I9: 3 | J9: 46243.607 | K9: =IF(AND($A9<>"",$B9<>"",$C9<>"",OR($F9="preserved",$F9="not_preserved",$F9="uncertain"),$G9<>"",LEN(TRIM($H9))>=10,ISNUMBER($I9),$J9<>"",OR(AND($F9="preserved",$G9="none"),AND($F9<>"preserved",$G9<>"none"))),"PASS","INCOMPLETE") -> PASS | L9: =IF($B9='QA Rules'!$B$19,"PASS","RULE_ERROR") -> PASS
A10: purrstone-v10.2-pre-coder-q2-r1-20260809 | B10: SF-005 | C10: Coder01 | D10: materials/mp_ucr/items/SF-005.html | E10: Triggers Signs | F10: preserved | G10: none | H10: The trigger list and the participant's shoulder, heart, and panic responses match the source directly. | I10: 3 | J10: 46243.608 | K10: =IF(AND($A10<>"",$B10<>"",$C10<>"",OR($F10="preserved",$F10="not_preserved",$F10="uncertain"),$G10<>"",LEN(TRIM($H10))>=10,ISNUMBER($I10),$J10<>"",OR(AND($F10="preserved",$G10="none"),AND($F10<>"preserved",$G10<>"none"))),"PASS","INCOMPLETE") -> PASS | L10: =IF($B10='QA Rules'!$B$20,"PASS","RULE_ERROR") -> PASS
A11: purrstone-v10.2-pre-coder-q2-r1-20260809 | B11: SF-006 | C11: Coder01 | D11: materials/mp_ucr/items/SF-006.html | E11: Support Concept Reaction | F11: preserved | G11: none | H11: The wording keeps the tentative usefulness of squeeze and haptics, the avoidance of scent, its trigger risk, and the preference for optional features. | I11: 3 | J11: 46243.61 | K11: =IF(AND($A11<>"",$B11<>"",$C11<>"",OR($F11="preserved",$F11="not_preserved",$F11="uncertain"),$G11<>"",LEN(TRIM($H11))>=10,ISNUMBER($I11),$J11<>"",OR(AND($F11="preserved",$G11="none"),AND($F11<>"preserved",$G11<>"none"))),"PASS","INCOMPLETE") -> PASS | L11: =IF($B11='QA Rules'!$B$21,"PASS","RULE_ERROR") -> PASS
A12: purrstone-v10.2-pre-coder-q2-r1-20260809 | B12: SF-007 | C12: Coder01 | D12: materials/mp_ucr/items/SF-007.html | E12: Public Use Acceptability | F12: preserved | G12: none | H12: The commuting conditions, embarrassment about visible lights, and concern about scent affecting nearby people in a shared space are all preserved. | I12: 3 | J12: 46243.611 | K12: =IF(AND($A12<>"",$B12<>"",$C12<>"",OR($F12="preserved",$F12="not_preserved",$F12="uncertain"),$G12<>"",LEN(TRIM($H12))>=10,ISNUMBER($I12),$J12<>"",OR(AND($F12="preserved",$G12="none"),AND($F12<>"preserved",$G12<>"none"))),"PASS","INCOMPLETE") -> PASS | L12: =IF($B12='QA Rules'!$B$22,"PASS","RULE_ERROR") -> PASS
A13: purrstone-v10.2-pre-coder-q2-r1-20260809 | B13: SF-008 | C13: Coder01 | D13: materials/mp_ucr/items/SF-008.html | E13: Experience | F13: not_preserved | G13: other | H13: The episode remains recognisable, but the final text adds the label 'sensory overload', attributes the trapped/overwhelmed feeling to alarms as well as noise and crowding, and omits that the carriage stopped between stations. | I13: 2 | J13: 46243.614 | K13: =IF(AND($A13<>"",$B13<>"",$C13<>"",OR($F13="preserved",$F13="not_preserved",$F13="uncertain"),$G13<>"",LEN(TRIM($H13))>=10,ISNUMBER($I13),$J13<>"",OR(AND($F13="preserved",$G13="none"),AND($F13<>"preserved",$G13<>"none"))),"PASS","INCOMPLETE") -> PASS | L13: =IF($B13='QA Rules'!$B$23,"PASS","RULE_ERROR") -> PASS
A14: purrstone-v10.2-pre-coder-q2-r1-20260809 | B14: SF-009 | C14: Coder01 | D14: materials/mp_ucr/items/SF-009.html | E14: Public Use Acceptability | F14: preserved | G14: none | H14: The public-use evidence is a direct extract and retains the participant's conditions and concerns without changing attribution or qualification. | I14: 3 | J14: 46243.615 | K14: =IF(AND($A14<>"",$B14<>"",$C14<>"",OR($F14="preserved",$F14="not_preserved",$F14="uncertain"),$G14<>"",LEN(TRIM($H14))>=10,ISNUMBER($I14),$J14<>"",OR(AND($F14="preserved",$G14="none"),AND($F14<>"preserved",$G14<>"none"))),"PASS","INCOMPLETE") -> PASS | L14: =IF($B14='QA Rules'!$B$24,"PASS","RULE_ERROR") -> PASS

Sheet UCR Segmentation
A1: Part C — Supplementary UCR Phase 1: independent proposition segmentation | B1: Part C — Supplementary UCR Phase 1: independent proposition segmentation | C1: Part C — Supplementary UCR Phase 1: independent proposition segmentation | D1: Part C — Supplementary UCR Phase 1: independent proposition segmentation | E1: Part C — Supplementary UCR Phase 1: independent proposition segmentation | F1: Part C — Supplementary UCR Phase 1: independent proposition segmentation | G1: Part C — Supplementary UCR Phase 1: independent proposition segmentation | H1: Part C — Supplementary UCR Phase 1: independent proposition segmentation
A2: Part C — Supplementary UCR Phase 1: independent proposition segmentation | B2: Part C — Supplementary UCR Phase 1: independent proposition segmentation | C2: Part C — Supplementary UCR Phase 1: independent proposition segmentation | D2: Part C — Supplementary UCR Phase 1: independent proposition segmentation | E2: Part C — Supplementary UCR Phase 1: independent proposition segmentation | F2: Part C — Supplementary UCR Phase 1: independent proposition segmentation | G2: Part C — Supplementary UCR Phase 1: independent proposition segmentation | H2: Part C — Supplementary UCR Phase 1: independent proposition segmentation
A3: Enter the smallest independently supportable factual/experiential propositions. Start at 1, continue without gaps, and leave unused reserve rows fully blank. Do not label supported/unsupported in Phase 1. | B3: Enter the smallest independently supportable factual/experiential propositions. Start at 1, continue without gaps, and leave unused reserve rows fully blank. Do not label supported/unsupported in Phase 1. | C3: Enter the smallest independently supportable factual/experiential propositions. Start at 1, continue without gaps, and leave unused reserve rows fully blank. Do not label supported/unsupported in Phase 1. | D3: Enter the smallest independently supportable factual/experiential propositions. Start at 1, continue without gaps, and leave unused reserve rows fully blank. Do not label supported/unsupported in Phase 1. | E3: Enter the smallest independently supportable factual/experiential propositions. Start at 1, continue without gaps, and leave unused reserve rows fully blank. Do not label supported/unsupported in Phase 1. | F3: Enter the smallest independently supportable factual/experiential propositions. Start at 1, continue without gaps, and leave unused reserve rows fully blank. Do not label supported/unsupported in Phase 1. | G3: Enter the smallest independently supportable factual/experiential propositions. Start at 1, continue without gaps, and leave unused reserve rows fully blank. Do not label supported/unsupported in Phase 1. | H3: Enter the smallest independently supportable factual/experiential propositions. Start at 1, continue without gaps, and leave unused reserve rows fully blank. Do not label supported/unsupported in Phase 1.
A5: Review package ID | B5: Blind item ID | C5: Coder ID | D5: Material file | E5: Proposition index | F5: Atomic proposition | G5: Completed at | H5: Row QA
A6: purrstone-v10.2-pre-coder-q2-r1-20260809 | B6: SF-001 | C6: Coder01 | D6: materials/mp_ucr/items/SF-001.html | E6: 1 | F6: Sharp braking noise was one of the participant's strongest triggers. | G6: 46243.616 | H6: =IF(AND($F6="",$G6=""),"UNUSED",IF(AND($F6<>"",$G6<>""),"PASS","PARTIAL")) -> PASS
A7: purrstone-v10.2-pre-coder-q2-r1-20260809 | B7: SF-001 | C7: Coder01 | D7: materials/mp_ucr/items/SF-001.html | E7: 2 | F7: Flashing carriage lights were one of the participant's strongest triggers. | G7: 46243.616 | H7: =IF(AND($F7="",$G7=""),"UNUSED",IF(AND($F7<>"",$G7<>""),"PASS","PARTIAL")) -> PASS
A8: purrstone-v10.2-pre-coder-q2-r1-20260809 | B8: SF-001 | C8: Coder01 | D8: materials/mp_ucr/items/SF-001.html | E8: 3 | F8: Crowding was one of the participant's strongest triggers. | G8: 46243.617 | H8: =IF(AND($F8="",$G8=""),"UNUSED",IF(AND($F8<>"",$G8<>""),"PASS","PARTIAL")) -> PASS
A9: purrstone-v10.2-pre-coder-q2-r1-20260809 | B9: SF-001 | C9: Coder01 | D9: materials/mp_ucr/items/SF-001.html | E9: 4 | F9: The participant's shoulders tightened. | G9: 46243.617 | H9: =IF(AND($F9="",$G9=""),"UNUSED",IF(AND($F9<>"",$G9<>""),"PASS","PARTIAL")) -> PASS
A10: purrstone-v10.2-pre-coder-q2-r1-20260809 | B10: SF-001 | C10: Coder01 | D10: materials/mp_ucr/items/SF-001.html | E10: 5 | F10: The participant's heart raced. | G10: 46243.617 | H10: =IF(AND($F10="",$G10=""),"UNUSED",IF(AND($F10<>"",$G10<>""),"PASS","PARTIAL")) -> PASS
A11: purrstone-v10.2-pre-coder-q2-r1-20260809 | B11: SF-001 | C11: Coder01 | D11: materials/mp_ucr/items/SF-001.html | E11: 6 | F11: The participant felt panicked. | G11: 46243.617 | H11: =IF(AND($F11="",$G11=""),"UNUSED",IF(AND($F11<>"",$G11<>""),"PASS","PARTIAL")) -> PASS
A12: purrstone-v10.2-pre-coder-q2-r1-20260809 | B12: SF-001 | C12: Coder01 | D12: materials/mp_ucr/items/SF-001.html | E12: 7 | H12: =IF(AND($F12="",$G12=""),"UNUSED",IF(AND($F12<>"",$G12<>""),"PASS","PARTIAL")) -> UNUSED
A13: purrstone-v10.2-pre-coder-q2-r1-20260809 | B13: SF-001 | C13: Coder01 | D13: materials/mp_ucr/items/SF-001.html | E13: 8 | H13: =IF(AND($F13="",$G13=""),"UNUSED",IF(AND($F13<>"",$G13<>""),"PASS","PARTIAL")) -> UNUSED
A14: purrstone-v10.2-pre-coder-q2-r1-20260809 | B14: SF-001 | C14: Coder01 | D14: materials/mp_ucr/items/SF-001.html | E14: 9 | H14: =IF(AND($F14="",$G14=""),"UNUSED",IF(AND($F14<>"",$G14<>""),"PASS","PARTIAL")) -> UNUSED
A15: purrstone-v10.2-pre-coder-q2-r1-20260809 | B15: SF-001 | C15: Coder01 | D15: materials/mp_ucr/items/SF-001.html | E15: 10 | H15: =IF(AND($F15="",$G15=""),"UNUSED",IF(AND($F15<>"",$G15<>""),"PASS","PARTIAL")) -> UNUSED
A16: purrstone-v10.2-pre-coder-q2-r1-20260809 | B16: SF-001 | C16: Coder01 | D16: materials/mp_ucr/items/SF-001.html | E16: 11 | H16: =IF(AND($F16="",$G16=""),"UNUSED",IF(AND($F16<>"",$G16<>""),"PASS","PARTIAL")) -> UNUSED
A17: purrstone-v10.2-pre-coder-q2-r1-20260809 | B17: SF-001 | C17: Coder01 | D17: materials/mp_ucr/items/SF-001.html | E17: 12 | H17: =IF(AND($F17="",$G17=""),"UNUSED",IF(AND($F17<>"",$G17<>""),"PASS","PARTIAL")) -> UNUSED
A18: purrstone-v10.2-pre-coder-q2-r1-20260809 | B18: SF-002 | C18: Coder01 | D18: materials/mp_ucr/items/SF-002.html | E18: 1 | F18: The participant covered their ears. | G18: 46243.618 | H18: =IF(AND($F18="",$G18=""),"UNUSED",IF(AND($F18<>"",$G18<>""),"PASS","PARTIAL")) -> PASS
A19: purrstone-v10.2-pre-coder-q2-r1-20260809 | B19: SF-002 | C19: Coder01 | D19: materials/mp_ucr/items/SF-002.html | E19: 2 | F19: The participant focused on slow breathing. | G19: 46243.618 | H19: =IF(AND($F19="",$G19=""),"UNUSED",IF(AND($F19<>"",$G19<>""),"PASS","PARTIAL")) -> PASS
A20: purrstone-v10.2-pre-coder-q2-r1-20260809 | B20: SF-002 | C20: Coder01 | D20: materials/mp_ucr/items/SF-002.html | E20: 3 | F20: The participant left at the next stop. | G20: 46243.619 | H20: =IF(AND($F20="",$G20=""),"UNUSED",IF(AND($F20<>"",$G20<>""),"PASS","PARTIAL")) -> PASS
A21: purrstone-v10.2-pre-coder-q2-r1-20260809 | B21: SF-002 | C21: Coder01 | D21: materials/mp_ucr/items/SF-002.html | E21: 4 | F21: A quieter carriage would have helped the participant. | G21: 46243.619 | H21: =IF(AND($F21="",$G21=""),"UNUSED",IF(AND($F21<>"",$G21<>""),"PASS","PARTIAL")) -> PASS
A22: purrstone-v10.2-pre-coder-q2-r1-20260809 | B22: SF-002 | C22: Coder01 | D22: materials/mp_ucr/items/SF-002.html | E22: 5 | F22: A warning before the alarm would have helped the participant. | G22: 46243.619 | H22: =IF(AND($F22="",$G22=""),"UNUSED",IF(AND($F22<>"",$G22<>""),"PASS","PARTIAL")) -> PASS
A23: purrstone-v10.2-pre-coder-q2-r1-20260809 | B23: SF-002 | C23: Coder01 | D23: materials/mp_ucr/items/SF-002.html | E23: 6 | F23: The repeated announcements did not help the participant. | G23: 46243.619 | H23: =IF(AND($F23="",$G23=""),"UNUSED",IF(AND($F23<>"",$G23<>""),"PASS","PARTIAL")) -> PASS
A24: purrstone-v10.2-pre-coder-q2-r1-20260809 | B24: SF-002 | C24: Coder01 | D24: materials/mp_ucr/items/SF-002.html | E24: 7 | F24: The repeated announcements added more noise. | G24: 46243.62 | H24: =IF(AND($F24="",$G24=""),"UNUSED",IF(AND($F24<>"",$G24<>""),"PASS","PARTIAL")) -> PASS
A25: purrstone-v10.2-pre-coder-q2-r1-20260809 | B25: SF-002 | C25: Coder01 | D25: materials/mp_ucr/items/SF-002.html | E25: 8 | H25: =IF(AND($F25="",$G25=""),"UNUSED",IF(AND($F25<>"",$G25<>""),"PASS","PARTIAL")) -> UNUSED
A26: purrstone-v10.2-pre-coder-q2-r1-20260809 | B26: SF-002 | C26: Coder01 | D26: materials/mp_ucr/items/SF-002.html | E26: 9 | H26: =IF(AND($F26="",$G26=""),"UNUSED",IF(AND($F26<>"",$G26<>""),"PASS","PARTIAL")) -> UNUSED
A27: purrstone-v10.2-pre-coder-q2-r1-20260809 | B27: SF-002 | C27: Coder01 | D27: materials/mp_ucr/items/SF-002.html | E27: 10 | H27: =IF(AND($F27="",$G27=""),"UNUSED",IF(AND($F27<>"",$G27<>""),"PASS","PARTIAL")) -> UNUSED
A28: purrstone-v10.2-pre-coder-q2-r1-20260809 | B28: SF-002 | C28: Coder01 | D28: materials/mp_ucr/items/SF-002.html | E28: 11 | H28: =IF(AND($F28="",$G28=""),"UNUSED",IF(AND($F28<>"",$G28<>""),"PASS","PARTIAL")) -> UNUSED
A29: purrstone-v10.2-pre-coder-q2-r1-20260809 | B29: SF-002 | C29: Coder01 | D29: materials/mp_ucr/items/SF-002.html | E29: 12 | H29: =IF(AND($F29="",$G29=""),"UNUSED",IF(AND($F29<>"",$G29<>""),"PASS","PARTIAL")) -> UNUSED
A30: purrstone-v10.2-pre-coder-q2-r1-20260809 | B30: SF-003 | C30: Coder01 | D30: materials/mp_ucr/items/SF-003.html | E30: 1 | F30: The squeeze interaction seemed useful to the participant. | G30: 46243.62 | H30: =IF(AND($F30="",$G30=""),"UNUSED",IF(AND($F30<>"",$G30<>""),"PASS","PARTIAL")) -> PASS
A31: purrstone-v10.2-pre-coder-q2-r1-20260809 | B31: SF-003 | C31: Coder01 | D31: materials/mp_ucr/items/SF-003.html | E31: 2 | F31: The squeeze interaction would give the participant's hands a focus. | G31: 46243.621 | H31: =IF(AND($F31="",$G31=""),"UNUSED",IF(AND($F31<>"",$G31<>""),"PASS","PARTIAL")) -> PASS
A32: purrstone-v10.2-pre-coder-q2-r1-20260809 | B32: SF-003 | C32: Coder01 | D32: materials/mp_ucr/items/SF-003.html | E32: 3 | F32: Gentle haptics might help the participant pace their breathing. | G32: 46243.621 | H32: =IF(AND($F32="",$G32=""),"UNUSED",IF(AND($F32<>"",$G32<>""),"PASS","PARTIAL")) -> PASS
A33: purrstone-v10.2-pre-coder-q2-r1-20260809 | B33: SF-003 | C33: Coder01 | D33: materials/mp_ucr/items/SF-003.html | E33: 4 | F33: The participant would avoid scent. | G33: 46243.621 | H33: =IF(AND($F33="",$G33=""),"UNUSED",IF(AND($F33<>"",$G33<>""),"PASS","PARTIAL")) -> PASS
A34: purrstone-v10.2-pre-coder-q2-r1-20260809 | B34: SF-003 | C34: Coder01 | D34: materials/mp_ucr/items/SF-003.html | E34: 5 | F34: Scent could be another trigger for the participant. | G34: 46243.621 | H34: =IF(AND($F34="",$G34=""),"UNUSED",IF(AND($F34<>"",$G34<>""),"PASS","PARTIAL")) -> PASS
A35: purrstone-v10.2-pre-coder-q2-r1-20260809 | B35: SF-003 | C35: Coder01 | D35: materials/mp_ucr/items/SF-003.html | E35: 6 | F35: The participant wanted every feature to be optional. | G35: 46243.622 | H35: =IF(AND($F35="",$G35=""),"UNUSED",IF(AND($F35<>"",$G35<>""),"PASS","PARTIAL")) -> PASS
A36: purrstone-v10.2-pre-coder-q2-r1-20260809 | B36: SF-003 | C36: Coder01 | D36: materials/mp_ucr/items/SF-003.html | E36: 7 | H36: =IF(AND($F36="",$G36=""),"UNUSED",IF(AND($F36<>"",$G36<>""),"PASS","PARTIAL")) -> UNUSED
A37: purrstone-v10.2-pre-coder-q2-r1-20260809 | B37: SF-003 | C37: Coder01 | D37: materials/mp_ucr/items/SF-003.html | E37: 8 | H37: =IF(AND($F37="",$G37=""),"UNUSED",IF(AND($F37<>"",$G37<>""),"PASS","PARTIAL")) -> UNUSED
A38: purrstone-v10.2-pre-coder-q2-r1-20260809 | B38: SF-003 | C38: Coder01 | D38: materials/mp_ucr/items/SF-003.html | E38: 9 | H38: =IF(AND($F38="",$G38=""),"UNUSED",IF(AND($F38<>"",$G38<>""),"PASS","PARTIAL")) -> UNUSED
A39: purrstone-v10.2-pre-coder-q2-r1-20260809 | B39: SF-003 | C39: Coder01 | D39: materials/mp_ucr/items/SF-003.html | E39: 10 | H39: =IF(AND($F39="",$G39=""),"UNUSED",IF(AND($F39<>"",$G39<>""),"PASS","PARTIAL")) -> UNUSED
A40: purrstone-v10.2-pre-coder-q2-r1-20260809 | B40: SF-003 | C40: Coder01 | D40: materials/mp_ucr/items/SF-003.html | E40: 11 | H40: =IF(AND($F40="",$G40=""),"UNUSED",IF(AND($F40<>"",$G40<>""),"PASS","PARTIAL")) -> UNUSED
A41: purrstone-v10.2-pre-coder-q2-r1-20260809 | B41: SF-003 | C41: Coder01 | D41: materials/mp_ucr/items/SF-003.html | E41: 12 | H41: =IF(AND($F41="",$G41=""),"UNUSED",IF(AND($F41<>"",$G41<>""),"PASS","PARTIAL")) -> UNUSED
A42: purrstone-v10.2-pre-coder-q2-r1-20260809 | B42: SF-004 | C42: Coder01 | D42: materials/mp_ucr/items/SF-004.html | E42: 1 | F42: Covering their ears was one action the participant took. | G42: 46243.623 | H42: =IF(AND($F42="",$G42=""),"UNUSED",IF(AND($F42<>"",$G42<>""),"PASS","PARTIAL")) -> PASS
A43: purrstone-v10.2-pre-coder-q2-r1-20260809 | B43: SF-004 | C43: Coder01 | D43: materials/mp_ucr/items/SF-004.html | E43: 2 | F43: They concentrated on breathing slowly. | G43: 46243.623 | H43: =IF(AND($F43="",$G43=""),"UNUSED",IF(AND($F43<>"",$G43<>""),"PASS","PARTIAL")) -> PASS
A44: purrstone-v10.2-pre-coder-q2-r1-20260809 | B44: SF-004 | C44: Coder01 | D44: materials/mp_ucr/items/SF-004.html | E44: 3 | F44: They left at the following stop. | G44: 46243.623 | H44: =IF(AND($F44="",$G44=""),"UNUSED",IF(AND($F44<>"",$G44<>""),"PASS","PARTIAL")) -> PASS
A45: purrstone-v10.2-pre-coder-q2-r1-20260809 | B45: SF-004 | C45: Coder01 | D45: materials/mp_ucr/items/SF-004.html | E45: 4 | F45: The participant thought a quieter carriage would have helped. | G45: 46243.623 | H45: =IF(AND($F45="",$G45=""),"UNUSED",IF(AND($F45<>"",$G45<>""),"PASS","PARTIAL")) -> PASS
A46: purrstone-v10.2-pre-coder-q2-r1-20260809 | B46: SF-004 | C46: Coder01 | D46: materials/mp_ucr/items/SF-004.html | E46: 5 | F46: They thought advance warning of the alarm would have helped. | G46: 46243.624 | H46: =IF(AND($F46="",$G46=""),"UNUSED",IF(AND($F46<>"",$G46<>""),"PASS","PARTIAL")) -> PASS
A47: purrstone-v10.2-pre-coder-q2-r1-20260809 | B47: SF-004 | C47: Coder01 | D47: materials/mp_ucr/items/SF-004.html | E47: 6 | F47: The repeated announcements were not helpful. | G47: 46243.624 | H47: =IF(AND($F47="",$G47=""),"UNUSED",IF(AND($F47<>"",$G47<>""),"PASS","PARTIAL")) -> PASS
A48: purrstone-v10.2-pre-coder-q2-r1-20260809 | B48: SF-004 | C48: Coder01 | D48: materials/mp_ucr/items/SF-004.html | E48: 7 | F48: The announcements created additional noise. | G48: 46243.624 | H48: =IF(AND($F48="",$G48=""),"UNUSED",IF(AND($F48<>"",$G48<>""),"PASS","PARTIAL")) -> PASS
A49: purrstone-v10.2-pre-coder-q2-r1-20260809 | B49: SF-004 | C49: Coder01 | D49: materials/mp_ucr/items/SF-004.html | E49: 8 | H49: =IF(AND($F49="",$G49=""),"UNUSED",IF(AND($F49<>"",$G49<>""),"PASS","PARTIAL")) -> UNUSED
A50: purrstone-v10.2-pre-coder-q2-r1-20260809 | B50: SF-004 | C50: Coder01 | D50: materials/mp_ucr/items/SF-004.html | E50: 9 | H50: =IF(AND($F50="",$G50=""),"UNUSED",IF(AND($F50<>"",$G50<>""),"PASS","PARTIAL")) -> UNUSED
A51: purrstone-v10.2-pre-coder-q2-r1-20260809 | B51: SF-004 | C51: Coder01 | D51: materials/mp_ucr/items/SF-004.html | E51: 10 | H51: =IF(AND($F51="",$G51=""),"UNUSED",IF(AND($F51<>"",$G51<>""),"PASS","PARTIAL")) -> UNUSED
A52: purrstone-v10.2-pre-coder-q2-r1-20260809 | B52: SF-004 | C52: Coder01 | D52: materials/mp_ucr/items/SF-004.html | E52: 11 | H52: =IF(AND($F52="",$G52=""),"UNUSED",IF(AND($F52<>"",$G52<>""),"PASS","PARTIAL")) -> UNUSED
A53: purrstone-v10.2-pre-coder-q2-r1-20260809 | B53: SF-004 | C53: Coder01 | D53: materials/mp_ucr/items/SF-004.html | E53: 12 | H53: =IF(AND($F53="",$G53=""),"UNUSED",IF(AND($F53<>"",$G53<>""),"PASS","PARTIAL")) -> UNUSED
A54: purrstone-v10.2-pre-coder-q2-r1-20260809 | B54: SF-005 | C54: Coder01 | D54: materials/mp_ucr/items/SF-005.html | E54: 1 | F54: The participant identified sharp braking noise as one of the strongest triggers. | G54: 46243.625 | H54: =IF(AND($F54="",$G54=""),"UNUSED",IF(AND($F54<>"",$G54<>""),"PASS","PARTIAL")) -> PASS
A55: purrstone-v10.2-pre-coder-q2-r1-20260809 | B55: SF-005 | C55: Coder01 | D55: materials/mp_ucr/items/SF-005.html | E55: 2 | F55: They identified flashing carriage lights as one of the strongest triggers. | G55: 46243.625 | H55: =IF(AND($F55="",$G55=""),"UNUSED",IF(AND($F55<>"",$G55<>""),"PASS","PARTIAL")) -> PASS
A56: purrstone-v10.2-pre-coder-q2-r1-20260809 | B56: SF-005 | C56: Coder01 | D56: materials/mp_ucr/items/SF-005.html | E56: 3 | F56: They identified crowding as one of the strongest triggers. | G56: 46243.625 | H56: =IF(AND($F56="",$G56=""),"UNUSED",IF(AND($F56<>"",$G56<>""),"PASS","PARTIAL")) -> PASS
A57: purrstone-v10.2-pre-coder-q2-r1-20260809 | B57: SF-005 | C57: Coder01 | D57: materials/mp_ucr/items/SF-005.html | E57: 4 | F57: Their shoulders tightened. | G57: 46243.626 | H57: =IF(AND($F57="",$G57=""),"UNUSED",IF(AND($F57<>"",$G57<>""),"PASS","PARTIAL")) -> PASS
A58: purrstone-v10.2-pre-coder-q2-r1-20260809 | B58: SF-005 | C58: Coder01 | D58: materials/mp_ucr/items/SF-005.html | E58: 5 | F58: Their heart raced. | G58: 46243.626 | H58: =IF(AND($F58="",$G58=""),"UNUSED",IF(AND($F58<>"",$G58<>""),"PASS","PARTIAL")) -> PASS
A59: purrstone-v10.2-pre-coder-q2-r1-20260809 | B59: SF-005 | C59: Coder01 | D59: materials/mp_ucr/items/SF-005.html | E59: 6 | F59: They experienced panic. | G59: 46243.626 | H59: =IF(AND($F59="",$G59=""),"UNUSED",IF(AND($F59<>"",$G59<>""),"PASS","PARTIAL")) -> PASS
A60: purrstone-v10.2-pre-coder-q2-r1-20260809 | B60: SF-005 | C60: Coder01 | D60: materials/mp_ucr/items/SF-005.html | E60: 7 | H60: =IF(AND($F60="",$G60=""),"UNUSED",IF(AND($F60<>"",$G60<>""),"PASS","PARTIAL")) -> UNUSED
A61: purrstone-v10.2-pre-coder-q2-r1-20260809 | B61: SF-005 | C61: Coder01 | D61: materials/mp_ucr/items/SF-005.html | E61: 8 | H61: =IF(AND($F61="",$G61=""),"UNUSED",IF(AND($F61<>"",$G61<>""),"PASS","PARTIAL")) -> UNUSED
A62: purrstone-v10.2-pre-coder-q2-r1-20260809 | B62: SF-005 | C62: Coder01 | D62: materials/mp_ucr/items/SF-005.html | E62: 9 | H62: =IF(AND($F62="",$G62=""),"UNUSED",IF(AND($F62<>"",$G62<>""),"PASS","PARTIAL")) -> UNUSED
A63: purrstone-v10.2-pre-coder-q2-r1-20260809 | B63: SF-005 | C63: Coder01 | D63: materials/mp_ucr/items/SF-005.html | E63: 10 | H63: =IF(AND($F63="",$G63=""),"UNUSED",IF(AND($F63<>"",$G63<>""),"PASS","PARTIAL")) -> UNUSED
A64: purrstone-v10.2-pre-coder-q2-r1-20260809 | B64: SF-005 | C64: Coder01 | D64: materials/mp_ucr/items/SF-005.html | E64: 11 | H64: =IF(AND($F64="",$G64=""),"UNUSED",IF(AND($F64<>"",$G64<>""),"PASS","PARTIAL")) -> UNUSED
A65: purrstone-v10.2-pre-coder-q2-r1-20260809 | B65: SF-005 | C65: Coder01 | D65: materials/mp_ucr/items/SF-005.html | E65: 12 | H65: =IF(AND($F65="",$G65=""),"UNUSED",IF(AND($F65<>"",$G65<>""),"PASS","PARTIAL")) -> UNUSED
A66: purrstone-v10.2-pre-coder-q2-r1-20260809 | B66: SF-006 | C66: Coder01 | D66: materials/mp_ucr/items/SF-006.html | E66: 1 | F66: The participant saw the squeeze interaction as potentially useful. | G66: 46243.627 | H66: =IF(AND($F66="",$G66=""),"UNUSED",IF(AND($F66<>"",$G66<>""),"PASS","PARTIAL")) -> PASS
A67: purrstone-v10.2-pre-coder-q2-r1-20260809 | B67: SF-006 | C67: Coder01 | D67: materials/mp_ucr/items/SF-006.html | E67: 2 | F67: They expected squeezing it to give their hands a focus. | G67: 46243.627 | H67: =IF(AND($F67="",$G67=""),"UNUSED",IF(AND($F67<>"",$G67<>""),"PASS","PARTIAL")) -> PASS
A68: purrstone-v10.2-pre-coder-q2-r1-20260809 | B68: SF-006 | C68: Coder01 | D68: materials/mp_ucr/items/SF-006.html | E68: 3 | F68: They thought gentle haptics might help pace their breathing. | G68: 46243.627 | H68: =IF(AND($F68="",$G68=""),"UNUSED",IF(AND($F68<>"",$G68<>""),"PASS","PARTIAL")) -> PASS
A69: purrstone-v10.2-pre-coder-q2-r1-20260809 | B69: SF-006 | C69: Coder01 | D69: materials/mp_ucr/items/SF-006.html | E69: 4 | F69: They would stay away from scent. | G69: 46243.628 | H69: =IF(AND($F69="",$G69=""),"UNUSED",IF(AND($F69<>"",$G69<>""),"PASS","PARTIAL")) -> PASS
A70: purrstone-v10.2-pre-coder-q2-r1-20260809 | B70: SF-006 | C70: Coder01 | D70: materials/mp_ucr/items/SF-006.html | E70: 5 | F70: They regarded scent as a possible additional trigger. | G70: 46243.628 | H70: =IF(AND($F70="",$G70=""),"UNUSED",IF(AND($F70<>"",$G70<>""),"PASS","PARTIAL")) -> PASS
A71: purrstone-v10.2-pre-coder-q2-r1-20260809 | B71: SF-006 | C71: Coder01 | D71: materials/mp_ucr/items/SF-006.html | E71: 6 | F71: They wanted all features to remain optional. | G71: 46243.628 | H71: =IF(AND($F71="",$G71=""),"UNUSED",IF(AND($F71<>"",$G71<>""),"PASS","PARTIAL")) -> PASS
A72: purrstone-v10.2-pre-coder-q2-r1-20260809 | B72: SF-006 | C72: Coder01 | D72: materials/mp_ucr/items/SF-006.html | E72: 7 | H72: =IF(AND($F72="",$G72=""),"UNUSED",IF(AND($F72<>"",$G72<>""),"PASS","PARTIAL")) -> UNUSED
A73: purrstone-v10.2-pre-coder-q2-r1-20260809 | B73: SF-006 | C73: Coder01 | D73: materials/mp_ucr/items/SF-006.html | E73: 8 | H73: =IF(AND($F73="",$G73=""),"UNUSED",IF(AND($F73<>"",$G73<>""),"PASS","PARTIAL")) -> UNUSED
A74: purrstone-v10.2-pre-coder-q2-r1-20260809 | B74: SF-006 | C74: Coder01 | D74: materials/mp_ucr/items/SF-006.html | E74: 9 | H74: =IF(AND($F74="",$G74=""),"UNUSED",IF(AND($F74<>"",$G74<>""),"PASS","PARTIAL")) -> UNUSED
A75: purrstone-v10.2-pre-coder-q2-r1-20260809 | B75: SF-006 | C75: Coder01 | D75: materials/mp_ucr/items/SF-006.html | E75: 10 | H75: =IF(AND($F75="",$G75=""),"UNUSED",IF(AND($F75<>"",$G75<>""),"PASS","PARTIAL")) -> UNUSED
A76: purrstone-v10.2-pre-coder-q2-r1-20260809 | B76: SF-006 | C76: Coder01 | D76: materials/mp_ucr/items/SF-006.html | E76: 11 | H76: =IF(AND($F76="",$G76=""),"UNUSED",IF(AND($F76<>"",$G76<>""),"PASS","PARTIAL")) -> UNUSED
A77: purrstone-v10.2-pre-coder-q2-r1-20260809 | B77: SF-006 | C77: Coder01 | D77: materials/mp_ucr/items/SF-006.html | E77: 12 | H77: =IF(AND($F77="",$G77=""),"UNUSED",IF(AND($F77<>"",$G77<>""),"PASS","PARTIAL")) -> UNUSED
A78: purrstone-v10.2-pre-coder-q2-r1-20260809 | B78: SF-007 | C78: Coder01 | D78: materials/mp_ucr/items/SF-007.html | E78: 1 | F78: The participant might use the object while commuting. | G78: 46243.629 | H78: =IF(AND($F78="",$G78=""),"UNUSED",IF(AND($F78<>"",$G78<>""),"PASS","PARTIAL")) -> PASS
A79: purrstone-v10.2-pre-coder-q2-r1-20260809 | B79: SF-007 | C79: Coder01 | D79: materials/mp_ucr/items/SF-007.html | E79: 2 | F79: Looking discreet was a condition for possible commuting use. | G79: 46243.629 | H79: =IF(AND($F79="",$G79=""),"UNUSED",IF(AND($F79<>"",$G79<>""),"PASS","PARTIAL")) -> PASS
A80: purrstone-v10.2-pre-coder-q2-r1-20260809 | B80: SF-007 | C80: Coder01 | D80: materials/mp_ucr/items/SF-007.html | E80: 3 | F80: Making no sound was also a condition for possible commuting use. | G80: 46243.629 | H80: =IF(AND($F80="",$G80=""),"UNUSED",IF(AND($F80<>"",$G80<>""),"PASS","PARTIAL")) -> PASS
A81: purrstone-v10.2-pre-coder-q2-r1-20260809 | B81: SF-007 | C81: Coder01 | D81: materials/mp_ucr/items/SF-007.html | E81: 4 | F81: Obvious lights would embarrass the participant. | G81: 46243.629 | H81: =IF(AND($F81="",$G81=""),"UNUSED",IF(AND($F81<>"",$G81<>""),"PASS","PARTIAL")) -> PASS
A82: purrstone-v10.2-pre-coder-q2-r1-20260809 | B82: SF-007 | C82: Coder01 | D82: materials/mp_ucr/items/SF-007.html | E82: 5 | F82: Scent would be a concern for people nearby in a shared space. | G82: 46243.63 | H82: =IF(AND($F82="",$G82=""),"UNUSED",IF(AND($F82<>"",$G82<>""),"PASS","PARTIAL")) -> PASS
A83: purrstone-v10.2-pre-coder-q2-r1-20260809 | B83: SF-007 | C83: Coder01 | D83: materials/mp_ucr/items/SF-007.html | E83: 6 | H83: =IF(AND($F83="",$G83=""),"UNUSED",IF(AND($F83<>"",$G83<>""),"PASS","PARTIAL")) -> UNUSED
A84: purrstone-v10.2-pre-coder-q2-r1-20260809 | B84: SF-007 | C84: Coder01 | D84: materials/mp_ucr/items/SF-007.html | E84: 7 | H84: =IF(AND($F84="",$G84=""),"UNUSED",IF(AND($F84<>"",$G84<>""),"PASS","PARTIAL")) -> UNUSED
A85: purrstone-v10.2-pre-coder-q2-r1-20260809 | B85: SF-007 | C85: Coder01 | D85: materials/mp_ucr/items/SF-007.html | E85: 8 | H85: =IF(AND($F85="",$G85=""),"UNUSED",IF(AND($F85<>"",$G85<>""),"PASS","PARTIAL")) -> UNUSED
A86: purrstone-v10.2-pre-coder-q2-r1-20260809 | B86: SF-007 | C86: Coder01 | D86: materials/mp_ucr/items/SF-007.html | E86: 9 | H86: =IF(AND($F86="",$G86=""),"UNUSED",IF(AND($F86<>"",$G86<>""),"PASS","PARTIAL")) -> UNUSED
A87: purrstone-v10.2-pre-coder-q2-r1-20260809 | B87: SF-007 | C87: Coder01 | D87: materials/mp_ucr/items/SF-007.html | E87: 10 | H87: =IF(AND($F87="",$G87=""),"UNUSED",IF(AND($F87<>"",$G87<>""),"PASS","PARTIAL")) -> UNUSED
A88: purrstone-v10.2-pre-coder-q2-r1-20260809 | B88: SF-007 | C88: Coder01 | D88: materials/mp_ucr/items/SF-007.html | E88: 11 | H88: =IF(AND($F88="",$G88=""),"UNUSED",IF(AND($F88<>"",$G88<>""),"PASS","PARTIAL")) -> UNUSED
A89: purrstone-v10.2-pre-coder-q2-r1-20260809 | B89: SF-007 | C89: Coder01 | D89: materials/mp_ucr/items/SF-007.html | E89: 12 | H89: =IF(AND($F89="",$G89=""),"UNUSED",IF(AND($F89<>"",$G89<>""),"PASS","PARTIAL")) -> UNUSED
A90: purrstone-v10.2-pre-coder-q2-r1-20260809 | B90: SF-008 | C90: Coder01 | D90: materials/mp_ucr/items/SF-008.html | E90: 1 | F90: The described experience took place on a crowded train. | G90: 46243.63 | H90: =IF(AND($F90="",$G90=""),"UNUSED",IF(AND($F90<>"",$G90<>""),"PASS","PARTIAL")) -> PASS
A91: purrstone-v10.2-pre-coder-q2-r1-20260809 | B91: SF-008 | C91: Coder01 | D91: materials/mp_ucr/items/SF-008.html | E91: 2 | F91: The participant described the experience as sensory overload. | G91: 46243.631 | H91: =IF(AND($F91="",$G91=""),"UNUSED",IF(AND($F91<>"",$G91<>""),"PASS","PARTIAL")) -> PASS
A92: purrstone-v10.2-pre-coder-q2-r1-20260809 | B92: SF-008 | C92: Coder01 | D92: materials/mp_ucr/items/SF-008.html | E92: 3 | F92: Alarms, noise, and crowding were presented as reasons the participant felt trapped. | G92: 46243.631 | H92: =IF(AND($F92="",$G92=""),"UNUSED",IF(AND($F92<>"",$G92<>""),"PASS","PARTIAL")) -> PASS
A93: purrstone-v10.2-pre-coder-q2-r1-20260809 | B93: SF-008 | C93: Coder01 | D93: materials/mp_ucr/items/SF-008.html | E93: 4 | F93: Alarms, noise, and crowding were presented as reasons the participant felt overwhelmed. | G93: 46243.631 | H93: =IF(AND($F93="",$G93=""),"UNUSED",IF(AND($F93<>"",$G93<>""),"PASS","PARTIAL")) -> PASS
A94: purrstone-v10.2-pre-coder-q2-r1-20260809 | B94: SF-008 | C94: Coder01 | D94: materials/mp_ucr/items/SF-008.html | E94: 5 | H94: =IF(AND($F94="",$G94=""),"UNUSED",IF(AND($F94<>"",$G94<>""),"PASS","PARTIAL")) -> UNUSED
A95: purrstone-v10.2-pre-coder-q2-r1-20260809 | B95: SF-008 | C95: Coder01 | D95: materials/mp_ucr/items/SF-008.html | E95: 6 | H95: =IF(AND($F95="",$G95=""),"UNUSED",IF(AND($F95<>"",$G95<>""),"PASS","PARTIAL")) -> UNUSED
A96: purrstone-v10.2-pre-coder-q2-r1-20260809 | B96: SF-008 | C96: Coder01 | D96: materials/mp_ucr/items/SF-008.html | E96: 7 | H96: =IF(AND($F96="",$G96=""),"UNUSED",IF(AND($F96<>"",$G96<>""),"PASS","PARTIAL")) -> UNUSED
A97: purrstone-v10.2-pre-coder-q2-r1-20260809 | B97: SF-008 | C97: Coder01 | D97: materials/mp_ucr/items/SF-008.html | E97: 8 | H97: =IF(AND($F97="",$G97=""),"UNUSED",IF(AND($F97<>"",$G97<>""),"PASS","PARTIAL")) -> UNUSED
A98: purrstone-v10.2-pre-coder-q2-r1-20260809 | B98: SF-008 | C98: Coder01 | D98: materials/mp_ucr/items/SF-008.html | E98: 9 | H98: =IF(AND($F98="",$G98=""),"UNUSED",IF(AND($F98<>"",$G98<>""),"PASS","PARTIAL")) -> UNUSED
A99: purrstone-v10.2-pre-coder-q2-r1-20260809 | B99: SF-008 | C99: Coder01 | D99: materials/mp_ucr/items/SF-008.html | E99: 10 | H99: =IF(AND($F99="",$G99=""),"UNUSED",IF(AND($F99<>"",$G99<>""),"PASS","PARTIAL")) -> UNUSED
A100: purrstone-v10.2-pre-coder-q2-r1-20260809 | B100: SF-008 | C100: Coder01 | D100: materials/mp_ucr/items/SF-008.html | E100: 11 | H100: =IF(AND($F100="",$G100=""),"UNUSED",IF(AND($F100<>"",$G100<>""),"PASS","PARTIAL")) -> UNUSED
A101: purrstone-v10.2-pre-coder-q2-r1-20260809 | B101: SF-008 | C101: Coder01 | D101: materials/mp_ucr/items/SF-008.html | E101: 12 | H101: =IF(AND($F101="",$G101=""),"UNUSED",IF(AND($F101<>"",$G101<>""),"PASS","PARTIAL")) -> UNUSED
...

Sheet QA Rules
A1: Transparent QA rule registry — exact ID lookup, no relative-row assumption | B1: Transparent QA rule registry — exact ID lookup, no relative-row assumption | C1: Transparent QA rule registry — exact ID lookup, no relative-row assumption | D1: Transparent QA rule registry — exact ID lookup, no relative-row assumption | E1: Transparent QA rule registry — exact ID lookup, no relative-row assumption | F1: Transparent QA rule registry — exact ID lookup, no relative-row assumption
A2: Rule ID | B2: Blind ID | C2: Applicability / label set | D2: Data sheet | E2: Data row | F2: Rule source
A3: AB-001 | B3: BP-001 | C3: BOTH_NA_REQUIRED | D3: A-B Coding | E3: 6 | F3: quality_review.v2
A4: AB-002 | B4: BP-002 | C4: BOTH_SCORED_REQUIRED | D4: A-B Coding | E4: 7 | F4: quality_review.v2
A5: AB-003 | B5: BP-003 | C5: BOTH_SCORED_REQUIRED | D5: A-B Coding | E5: 8 | F5: quality_review.v2
A6: AB-004 | B6: BP-004 | C6: BOTH_NA_REQUIRED | D6: A-B Coding | E6: 9 | F6: quality_review.v2
A7: AB-005 | B7: BP-005 | C7: BOTH_NA_REQUIRED | D7: A-B Coding | E7: 10 | F7: quality_review.v2
A8: AB-006 | B8: BP-006 | C8: BOTH_NA_REQUIRED | D8: A-B Coding | E8: 11 | F8: quality_review.v2
A9: AB-007 | B9: BP-007 | C9: BOTH_SCORED_REQUIRED | D9: A-B Coding | E9: 12 | F9: quality_review.v2
A10: AB-008 | B10: BP-008 | C10: BOTH_SCORED_REQUIRED | D10: A-B Coding | E10: 13 | F10: quality_review.v2
A11: AB-009 | B11: BP-009 | C11: BOTH_NA_REQUIRED | D11: A-B Coding | E11: 14 | F11: quality_review.v2
A12: AB-010 | B12: BP-010 | C12: BOTH_NA_REQUIRED | D12: A-B Coding | E12: 15 | F12: quality_review.v2
A14: MP item rules | B14: MP item rules | C14: MP item rules | D14: MP item rules | E14: MP item rules | F14: MP item rules
A15: Rule ID | B15: Blind ID | C15: Allowed labels | D15: Data sheet | E15: Data row | F15: Rule source
A16: MP-001 | B16: SF-001 | C16: preserved | not_preserved | uncertain | D16: MP Coding | E16: 6 | F16: metrics.v3 supplementary clarification
A17: MP-002 | B17: SF-002 | C17: preserved | not_preserved | uncertain | D17: MP Coding | E17: 7 | F17: metrics.v3 supplementary clarification
A18: MP-003 | B18: SF-003 | C18: preserved | not_preserved | uncertain | D18: MP Coding | E18: 8 | F18: metrics.v3 supplementary clarification
A19: MP-004 | B19: SF-004 | C19: preserved | not_preserved | uncertain | D19: MP Coding | E19: 9 | F19: metrics.v3 supplementary clarification
A20: MP-005 | B20: SF-005 | C20: preserved | not_preserved | uncertain | D20: MP Coding | E20: 10 | F20: metrics.v3 supplementary clarification
A21: MP-006 | B21: SF-006 | C21: preserved | not_preserved | uncertain | D21: MP Coding | E21: 11 | F21: metrics.v3 supplementary clarification
A22: MP-007 | B22: SF-007 | C22: preserved | not_preserved | uncertain | D22: MP Coding | E22: 12 | F22: metrics.v3 supplementary clarification
A23: MP-008 | B23: SF-008 | C23: preserved | not_preserved | uncertain | D23: MP Coding | E23: 13 | F23: metrics.v3 supplementary clarification
A24: MP-009 | B24: SF-009 | C24: preserved | not_preserved | uncertain | D24: MP Coding | E24: 14 | F24: metrics.v3 supplementary clarification
A27: Legacy defect prevented: the former distributed workbook mapped the first score row to the QA header and shifted every pair by one. This workbook uses explicit absolute rule rows: A-B data rows 6–15 map to QA Rules rows 3–12; MP data rows 6–14 map to QA Rules rows 16–24. The external validator independently checks IDs and applicability without trusting cached formulas. | B27: Legacy defect prevented: the former distributed workbook mapped the first score row to the QA header and shifted every pair by one. This workbook uses explicit absolute rule rows: A-B data rows 6–15 map to QA Rules rows 3–12; MP data rows 6–14 map to QA Rules rows 16–24. The external validator independently checks IDs and applicability without trusting cached formulas. | C27: Legacy defect prevented: the former distributed workbook mapped the first score row to the QA header and shifted every pair by one. This workbook uses explicit absolute rule rows: A-B data rows 6–15 map to QA Rules rows 3–12; MP data rows 6–14 map to QA Rules rows 16–24. The external validator independently checks IDs and applicability without trusting cached formulas. | D27: Legacy defect prevented: the former distributed workbook mapped the first score row to the QA header and shifted every pair by one. This workbook uses explicit absolute rule rows: A-B data rows 6–15 map to QA Rules rows 3–12; MP data rows 6–14 map to QA Rules rows 16–24. The external validator independently checks IDs and applicability without trusting cached formulas. | E27: Legacy defect prevented: the former distributed workbook mapped the first score row to the QA header and shifted every pair by one. This workbook uses explicit absolute rule rows: A-B data rows 6–15 map to QA Rules rows 3–12; MP data rows 6–14 map to QA Rules rows 16–24. The external validator independently checks IDs and applicability without trusting cached formulas. | F27: Legacy defect prevented: the former distributed workbook mapped the first score row to the QA header and shifted every pair by one. This workbook uses explicit absolute rule rows: A-B data rows 6–15 map to QA Rules rows 3–12; MP data rows 6–14 map to QA Rules rows 16–24. The external validator independently checks IDs and applicability without trusting cached formulas.
A28: Legacy defect prevented: the former distributed workbook mapped the first score row to the QA header and shifted every pair by one. This workbook uses explicit absolute rule rows: A-B data rows 6–15 map to QA Rules rows 3–12; MP data rows 6–14 map to QA Rules rows 16–24. The external validator independently checks IDs and applicability without trusting cached formulas. | B28: Legacy defect prevented: the former distributed workbook mapped the first score row to the QA header and shifted every pair by one. This workbook uses explicit absolute rule rows: A-B data rows 6–15 map to QA Rules rows 3–12; MP data rows 6–14 map to QA Rules rows 16–24. The external validator independently checks IDs and applicability without trusting cached formulas. | C28: Legacy defect prevented: the former distributed workbook mapped the first score row to the QA header and shifted every pair by one. This workbook uses explicit absolute rule rows: A-B data rows 6–15 map to QA Rules rows 3–12; MP data rows 6–14 map to QA Rules rows 16–24. The external validator independently checks IDs and applicability without trusting cached formulas. | D28: Legacy defect prevented: the former distributed workbook mapped the first score row to the QA header and shifted every pair by one. This workbook uses explicit absolute rule rows: A-B data rows 6–15 map to QA Rules rows 3–12; MP data rows 6–14 map to QA Rules rows 16–24. The external validator independently checks IDs and applicability without trusting cached formulas. | E28: Legacy defect prevented: the former distributed workbook mapped the first score row to the QA header and shifted every pair by one. This workbook uses explicit absolute rule rows: A-B data rows 6–15 map to QA Rules rows 3–12; MP data rows 6–14 map to QA Rules rows 16–24. The external validator independently checks IDs and applicability without trusting cached formulas. | F28: Legacy defect prevented: the former distributed workbook mapped the first score row to the QA header and shifted every pair by one. This workbook uses explicit absolute rule rows: A-B data rows 6–15 map to QA Rules rows 3–12; MP data rows 6–14 map to QA Rules rows 16–24. The external validator independently checks IDs and applicability without trusting cached formulas.
A29: Legacy defect prevented: the former distributed workbook mapped the first score row to the QA header and shifted every pair by one. This workbook uses explicit absolute rule rows: A-B data rows 6–15 map to QA Rules rows 3–12; MP data rows 6–14 map to QA Rules rows 16–24. The external validator independently checks IDs and applicability without trusting cached formulas. | B29: Legacy defect prevented: the former distributed workbook mapped the first score row to the QA header and shifted every pair by one. This workbook uses explicit absolute rule rows: A-B data rows 6–15 map to QA Rules rows 3–12; MP data rows 6–14 map to QA Rules rows 16–24. The external validator independently checks IDs and applicability without trusting cached formulas. | C29: Legacy defect prevented: the former distributed workbook mapped the first score row to the QA header and shifted every pair by one. This workbook uses explicit absolute rule rows: A-B data rows 6–15 map to QA Rules rows 3–12; MP data rows 6–14 map to QA Rules rows 16–24. The external validator independently checks IDs and applicability without trusting cached formulas. | D29: Legacy defect prevented: the former distributed workbook mapped the first score row to the QA header and shifted every pair by one. This workbook uses explicit absolute rule rows: A-B data rows 6–15 map to QA Rules rows 3–12; MP data rows 6–14 map to QA Rules rows 16–24. The external validator independently checks IDs and applicability without trusting cached formulas. | E29: Legacy defect prevented: the former distributed workbook mapped the first score row to the QA header and shifted every pair by one. This workbook uses explicit absolute rule rows: A-B data rows 6–15 map to QA Rules rows 3–12; MP data rows 6–14 map to QA Rules rows 16–24. The external validator independently checks IDs and applicability without trusting cached formulas. | F29: Legacy defect prevented: the former distributed workbook mapped the first score row to the QA header and shifted every pair by one. This workbook uses explicit absolute rule rows: A-B data rows 6–15 map to QA Rules rows 3–12; MP data rows 6–14 map to QA Rules rows 16–24. The external validator independently checks IDs and applicability without trusting cached formulas.
A30: Legacy defect prevented: the former distributed workbook mapped the first score row to the QA header and shifted every pair by one. This workbook uses explicit absolute rule rows: A-B data rows 6–15 map to QA Rules rows 3–12; MP data rows 6–14 map to QA Rules rows 16–24. The external validator independently checks IDs and applicability without trusting cached formulas. | B30: Legacy defect prevented: the former distributed workbook mapped the first score row to the QA header and shifted every pair by one. This workbook uses explicit absolute rule rows: A-B data rows 6–15 map to QA Rules rows 3–12; MP data rows 6–14 map to QA Rules rows 16–24. The external validator independently checks IDs and applicability without trusting cached formulas. | C30: Legacy defect prevented: the former distributed workbook mapped the first score row to the QA header and shifted every pair by one. This workbook uses explicit absolute rule rows: A-B data rows 6–15 map to QA Rules rows 3–12; MP data rows 6–14 map to QA Rules rows 16–24. The external validator independently checks IDs and applicability without trusting cached formulas. | D30: Legacy defect prevented: the former distributed workbook mapped the first score row to the QA header and shifted every pair by one. This workbook uses explicit absolute rule rows: A-B data rows 6–15 map to QA Rules rows 3–12; MP data rows 6–14 map to QA Rules rows 16–24. The external validator independently checks IDs and applicability without trusting cached formulas. | E30: Legacy defect prevented: the former distributed workbook mapped the first score row to the QA header and shifted every pair by one. This workbook uses explicit absolute rule rows: A-B data rows 6–15 map to QA Rules rows 3–12; MP data rows 6–14 map to QA Rules rows 16–24. The external validator independently checks IDs and applicability without trusting cached formulas. | F30: Legacy defect prevented: the former distributed workbook mapped the first score row to the QA header and shifted every pair by one. This workbook uses explicit absolute rule rows: A-B data rows 6–15 map to QA Rules rows 3–12; MP data rows 6–14 map to QA Rules rows 16–24. The external validator independently checks IDs and applicability without trusting cached formulas.

Sheet Codebook
A1: PurrStone v10.2 coder codebook | B1: PurrStone v10.2 coder codebook | C1: PurrStone v10.2 coder codebook | D1: PurrStone v10.2 coder codebook
A2: PurrStone v10.2 coder codebook | B2: PurrStone v10.2 coder codebook | C2: PurrStone v10.2 coder codebook | D2: PurrStone v10.2 coder codebook
A4: Record | B4: Field / label | C4: Operational definition | D4: Common error to avoid
A5: A/B | B5: Q1 Protocol coverage (1–5) | C5: Judge how well the displayed transcript/draft addresses the required information in the common Protocol reference. | D5: Do not accept the system's displayed coverage state as ground truth.
A6: A/B | B6: Q2 Probing relevance & neutrality (1–5 or pair-level N/A) | C6: Judge a follow-up asked to obtain missing required information: whether it targets the gap, is concise, and is not leading. | D6: Use pair-level N/A when neither side has such a probe. Ordinary primary questions, Skip/Stop handling, and boundary responses are not Q2 probes.
A7: A/B | B7: Q3 Transcript grounding & fidelity (1–5) | C7: Judge whether draft evidence is supported by displayed participant sources and preserves meaning. | D7: A valid source link does not automatically imply semantic fidelity.
A8: A/B | B8: Q4 Participant clarity & control (1–5) | C8: Judge clarity of questions, Skip/Stop, boundary and missing-information handling. | D8: Judge participant-facing material, not hidden implementation intent.
A9: A/B | B9: Q5 Researcher reviewability (1–5) | C9: Judge whether a researcher can inspect evidence, sources, limitations and decide Include/Edit/Exclude. | D9: Do not substitute aesthetic preference for auditability.
A10: A/B | B10: Overall preference | C10: A, B or Tie based on the whole displayed material; it need not mechanically equal a score sum. | D10: Do not infer system identity.
A11: MP | B11: preserved | C11: No material meaning, qualification, uncertainty or attribution is added, removed, contradicted or changed. | D11: Surface paraphrase alone is not a meaning error.
A12: MP | B12: not_preserved | C12: At least one material meaning, qualification, uncertainty or attribution is added, removed, contradicted or changed. | D12: Identify the source-based error category and explain it.
A13: MP | B13: uncertain | C13: Displayed evidence is genuinely insufficient to determine preservation confidently. | D13: Do not use merely because the decision is difficult.
... A16: UCR Phase 2 | B16: unsupported | C16: Proposition adds, contradicts, or cannot be grounded in the displayed participant source. | D16: Phase 2 starts only after a common inventory is frozen.

Sheet QA Summary
A1: Formula QA summary — external validation remains authoritative | B1: Formula QA summary — external validation remains authoritative | C1: Formula QA summary — external validation remains authoritative | D1: Formula QA summary — external validation remains authoritative | E1: Formula QA summary — external validation remains authoritative
A2: Formula QA summary — external validation remains authoritative | B2: Formula QA summary — external validation remains authoritative | C2: Formula QA summary — external validation remains authoritative | D2: Formula QA summary — external validation remains authoritative | E2: Formula QA summary — external validation remains authoritative
A3: Check | B3: Expected | C3: Observed | D3: Status | E3: Interpretation
A4: A/B complete rows | B4: 10 | C4: =COUNTIF('A-B Coding'!$U$6:$U$15,"PASS") -> 10 | D4: =IF($B4=$C4,"PASS","INCOMPLETE") -> PASS | E4: All ten formal pair rows require scores, preference, rationale, JSON flags and timestamp.
A5: A/B exact rule mappings | B5: 10 | C5: =COUNTIF('A-B Coding'!$V$6:$V$15,"PASS") -> 10 | D5: =IF($B5=$C5,"PASS","INCOMPLETE") -> PASS | E5: Each public BP ID must match its exact QA rule row.
A6: MP complete rows | B6: 9 | C6: =COUNTIF('MP Coding'!$K$6:$K$14,"PASS") -> 9 | D6: =IF($B6=$C6,"PASS","INCOMPLETE") -> PASS | E6: All nine supplementary items require an MP label, category, rationale, confidence and timestamp.
A7: MP exact rule mappings | B7: 9 | C7: =COUNTIF('MP Coding'!$L$6:$L$14,"PASS") -> 9 | D7: =IF($B7=$C7,"PASS","INCOMPLETE") -> PASS | E7: Each blind item ID must match its exact QA rule row.
A8: UCR items segmented | B8: 9 | C8: =COUNTIF($D$16:$D$24,"PASS") -> 9 | D8: =IF($B8=$C8,"PASS","INCOMPLETE") -> PASS | E8: Every item requires at least one proposition.
A9: UCR partial rows | B9: 0 | C9: =COUNTIF('UCR Segmentation'!$H$6:$H$113,"PARTIAL") -> 0 | D9: =IF($B9=$C9,"PASS","INCOMPLETE") -> PASS | E9: No used proposition row may have missing text or timestamp.
A10: Coder/declaration fields | B10: PASS | C10: =IF(AND('Start Here'!$B$8="Yes",LEN(TRIM('Start Here'!$B$9))>=10,'Start Here'!$B$10="Yes",'Start Here'!$B$11="Yes",'Start Here'!$B$12="Yes",'Start Here'!$B$13<>"",'Start Here'!$B$14<>"",'Start Here'!$B$15<>"",'Start Here'!$B$16<>""),"PASS","INCOMPLETE") -> PASS | D10: =C10 -> PASS | E10: Identity/receipt and independence declarations are required.
A11: Q2 pair-level N/A modes | B11: 6 | C11: =COUNTIF('A-B Coding'!$D$6:$D$15,"BOTH_NA_REQUIRED") -> 6 | D11: =IF($B11=$C11,"PASS","INCOMPLETE") -> PASS | E11: Exactly six pairs have no missing-information probe on either side and must retain N/A for both Q2 cells.
A12: Overall Phase 1 formula QA | B12: Overall Phase 1 formula QA | C12: Overall Phase 1 formula QA | D12: =IF(COUNTIF($D$4:$D$11,"PASS")=8,"PASS","INCOMPLETE") -> PASS
A15: Blind item | B15: Used propositions | C15: Partial rows | D15: Item QA | E15: Phase
A16: SF-001 | B16: =COUNTIFS('UCR Segmentation'!$B$6:$B$113,$A16,'UCR Segmentation'!$F$6:$F$113,"<>") -> 6 | C16: =COUNTIFS('UCR Segmentation'!$B$6:$B$113,$A16,'UCR Segmentation'!$H$6:$H$113,"PARTIAL") -> 0 | D16: =IF(AND($B16>=1,$C16=0),"PASS","INCOMPLETE") -> PASS | E16: UCR Phase 1 segmentation
A17: SF-002 | B17: =COUNTIFS('UCR Segmentation'!$B$6:$B$113,$A17,'UCR Segmentation'!$F$6:$F$113,"<>") -> 7 | C17: =COUNTIFS('UCR Segmentation'!$B$6:$B$113,$A17,'UCR Segmentation'!$H$6:$H$113,"PARTIAL") -> 0 | D17: =IF(AND($B17>=1,$C17=0),"PASS","INCOMPLETE") -> PASS | E17: UCR Phase 1 segmentation
A18: SF-003 | B18: =COUNTIFS('UCR Segmentation'!$B$6:$B$113,$A18,'UCR Segmentation'!$F$6:$F$113,"<>") -> 6 | C18: =COUNTIFS('UCR Segmentation'!$B$6:$B$113,$A18,'UCR Segmentation'!$H$6:$H$113,"PARTIAL") -> 0 | D18: =IF(AND($B18>=1,$C18=0),"PASS","INCOMPLETE") -> PASS | E18: UCR Phase 1 segmentation
A19: SF-004 | B19: =COUNTIFS('UCR Segmentation'!$B$6:$B$113,$A19,'UCR Segmentation'!$F$6:$F$113,"<>") -> 7 | C19: =COUNTIFS('UCR Segmentation'!$B$6:$B$113,$A19,'UCR Segmentation'!$H$6:$H$113,"PARTIAL") -> 0 | D19: =IF(AND($B19>=1,$C19=0),"PASS","INCOMPLETE") -> PASS | E19: UCR Phase 1 segmentation
A20: SF-005 | B20: =COUNTIFS('UCR Segmentation'!$B$6:$B$113,$A20,'UCR Segmentation'!$F$6:$F$113,"<>") -> 6 | C20: =COUNTIFS('UCR Segmentation'!$B$6:$B$113,$A20,'UCR Segmentation'!$H$6:$H$113,"PARTIAL") -> 0 | D20: =IF(AND($B20>=1,$C20=0),"PASS","INCOMPLETE") -> PASS | E20: UCR Phase 1 segmentation
A21: SF-006 | B21: =COUNTIFS('UCR Segmentation'!$B$6:$B$113,$A21,'UCR Segmentation'!$F$6:$F$113,"<>") -> 6 | C21: =COUNTIFS('UCR Segmentation'!$B$6:$B$113,$A21,'UCR Segmentation'!$H$6:$H$113,"PARTIAL") -> 0 | D21: =IF(AND($B21>=1,$C21=0),"PASS","INCOMPLETE") -> PASS | E21: UCR Phase 1 segmentation
A22: SF-007 | B22: =COUNTIFS('UCR Segmentation'!$B$6:$B$113,$A22,'UCR Segmentation'!$F$6:$F$113,"<>") -> 5 | C22: =COUNTIFS('UCR Segmentation'!$B$6:$B$113,$A22,'UCR Segmentation'!$H$6:$H$113,"PARTIAL") -> 0 | D22: =IF(AND($B22>=1,$C22=0),"PASS","INCOMPLETE") -> PASS | E22: UCR Phase 1 segmentation
A23: SF-008 | B23: =COUNTIFS('UCR Segmentation'!$B$6:$B$113,$A23,'UCR Segmentation'!$F$6:$F$113,"<>") -> 4 | C23: =COUNTIFS('UCR Segmentation'!$B$6:$B$113,$A23,'UCR Segmentation'!$H$6:$H$113,"PARTIAL") -> 0 | D23: =IF(AND($B23>=1,$C23=0),"PASS","INCOMPLETE") -> PASS | E23: UCR Phase 1 segmentation
A24: SF-009 | B24: =COUNTIFS('UCR Segmentation'!$B$6:$B$113,$A24,'UCR Segmentation'!$F$6:$F$113,"<>") -> 5 | C24: =COUNTIFS('UCR Segmentation'!$B$6:$B$113,$A24,'UCR Segmentation'!$H$6:$H$113,"PARTIAL") -> 0 | D24: =IF(AND($B24>=1,$C24=0),"PASS","INCOMPLETE") -> PASS | E24: UCR Phase 1 segmentation
