Workbook

Sheet Start Here
A1: PurrStone v10.2 — Coder01 UCR Phase 2 independent coding | B1: PurrStone v10.2 — Coder01 UCR Phase 2 independent coding | C1: PurrStone v10.2 — Coder01 UCR Phase 2 independent coding | D1: PurrStone v10.2 — Coder01 UCR Phase 2 independent coding
A3: Package ID | B3: purrstone-v10.2-ucr-phase2-r1-20260809
A4: Coder ID | B4: Coder01
A5: Frozen inventory SHA-256 | B5: f8708132168cb35d63769dc2c50929bc67ab6856e991a9accb53ad0efe3645d6
A6: Source-material set SHA-256 | B6: 74257b3bcc011af93a127466acee00c819fd87ba67386d29f2f34906b1e8c1aa
A7: Frozen proposition rows | B7: 46
A8: Blind items | B8: 9
A10: Required declarations and completion record
A11: I have read CODING_PROTOCOL_PHASE2.md | B11: Yes
A12: I will label every proposition independently | B12: Yes
A13: I will not discuss labels before returning my workbook | B13: Yes
A14: I will use only the displayed participant source | B14: Yes
A15: I will not seek condition or item-identity keys | B15: Yes
A17: Started at (ISO-8601 with timezone) | B17: 2026-08-09T18:47:12+0800
A18: Completed at (ISO-8601 with timezone) | B18: 2026-08-09T19:59:57+0800
A19: Typed name or agreed pseudonym | B19: Coder01
A20: I confirm this Phase 2 workbook is my independent work | B20: Yes
A22: Workbook QA | B22: ='QA Summary'!B14 -> PASS
A24: Scope: label only the 46 frozen propositions in Phase 2 Coding. Do not merge, split, delete, reword, or add propositions. Return only the completed .xlsx file to the administrator.

Sheet Phase 2 Coding
A1: UCR Phase 2 — frozen common proposition inventory | B1: UCR Phase 2 — frozen common proposition inventory | C1: UCR Phase 2 — frozen common proposition inventory | D1: UCR Phase 2 — frozen common proposition inventory | E1: UCR Phase 2 — frozen common proposition inventory | F1: UCR Phase 2 — frozen common proposition inventory | G1: UCR Phase 2 — frozen common proposition inventory | H1: UCR Phase 2 — frozen common proposition inventory | I1: UCR Phase 2 — frozen common proposition inventory | J1: UCR Phase 2 — frozen common proposition inventory | K1: UCR Phase 2 — frozen common proposition inventory
A2: Yellow cells are coder inputs. Use supported only when every material part of the proposition is directly stated or clearly entailed by the displayed participant source.
A4: Package ID | B4: Proposition ID | C4: Blind item ID | D4: Coder ID | E4: Material file | F4: Frozen atomic proposition | G4: Support label | H4: Source-based rationale | I4: Confidence (1–3) | J4: Completed at (ISO + timezone) | K4: Row QA
A5: purrstone-v10.2-ucr-phase2-r1-20260809 | B5: SF-001-P01 | C5: SF-001 | D5: Coder01 | E5: materials/mp_ucr/items/SF-001.html | F5: Sharp braking noise was one of the participant's strongest triggers. | G5: supported | H5: The participant explicitly names sharp braking noise as one of the strongest triggers. | I5: 3 | J5: 2026-08-09T18:48:15+0800 | K5: =IF(AND(OR(G5="supported",G5="unsupported"),LEN(TRIM(H5))>=12,AND(ISNUMBER(I5),I5>=1,I5<=3),LEN(J5)>=20,ISNUMBER(SEARCH("T",J5))),"PASS","CHECK") -> PASS
A6: purrstone-v10.2-ucr-phase2-r1-20260809 | B6: SF-001-P02 | C6: SF-001 | D6: Coder01 | E6: materials/mp_ucr/items/SF-001.html | F6: Flashing carriage lights were one of the participant's strongest triggers. | G6: supported | H6: Flashing carriage lights are explicitly included in the participant's list of strongest triggers. | I6: 3 | J6: 2026-08-09T18:49:29+0800 | K6: =IF(AND(OR(G6="supported",G6="unsupported"),LEN(TRIM(H6))>=12,AND(ISNUMBER(I6),I6>=1,I6<=3),LEN(J6)>=20,ISNUMBER(SEARCH("T",J6))),"PASS","CHECK") -> PASS
A7: purrstone-v10.2-ucr-phase2-r1-20260809 | B7: SF-001-P03 | C7: SF-001 | D7: Coder01 | E7: materials/mp_ucr/items/SF-001.html | F7: Crowding was one of the participant's strongest triggers. | G7: supported | H7: Crowding is directly listed alongside the other strongest triggers. | I7: 3 | J7: 2026-08-09T18:50:54+0800 | K7: =IF(AND(OR(G7="supported",G7="unsupported"),LEN(TRIM(H7))>=12,AND(ISNUMBER(I7),I7>=1,I7<=3),LEN(J7)>=20,ISNUMBER(SEARCH("T",J7))),"PASS","CHECK") -> PASS
A8: purrstone-v10.2-ucr-phase2-r1-20260809 | B8: SF-001-P04 | C8: SF-001 | D8: Coder01 | E8: materials/mp_ucr/items/SF-001.html | F8: The participant's shoulders tightened. | G8: supported | H8: The source directly states that the participant's shoulders tightened. | I8: 3 | J8: 2026-08-09T18:52:01+0800 | K8: =IF(AND(OR(G8="supported",G8="unsupported"),LEN(TRIM(H8))>=12,AND(ISNUMBER(I8),I8>=1,I8<=3),LEN(J8)>=20,ISNUMBER(SEARCH("T",J8))),"PASS","CHECK") -> PASS
A9: purrstone-v10.2-ucr-phase2-r1-20260809 | B9: SF-001-P05 | C9: SF-001 | D9: Coder01 | E9: materials/mp_ucr/items/SF-001.html | F9: The participant's heart raced. | G9: supported | H9: The participant directly reports that their heart raced. | I9: 3 | J9: 2026-08-09T18:53:19+0800 | K9: =IF(AND(OR(G9="supported",G9="unsupported"),LEN(TRIM(H9))>=12,AND(ISNUMBER(I9),I9>=1,I9<=3),LEN(J9)>=20,ISNUMBER(SEARCH("T",J9))),"PASS","CHECK") -> PASS
A10: purrstone-v10.2-ucr-phase2-r1-20260809 | B10: SF-001-P06 | C10: SF-001 | D10: Coder01 | E10: materials/mp_ucr/items/SF-001.html | F10: The participant felt panicked. | G10: supported | H10: The source explicitly says that the participant felt panicked. | I10: 3 | J10: 2026-08-09T18:54:48+0800 | K10: =IF(AND(OR(G10="supported",G10="unsupported"),LEN(TRIM(H10))>=12,AND(ISNUMBER(I10),I10>=1,I10<=3),LEN(J10)>=20,ISNUMBER(SEARCH("T",J10))),"PASS","CHECK") -> PASS
A11: purrstone-v10.2-ucr-phase2-r1-20260809 | B11: SF-002-P01 | C11: SF-002 | D11: Coder01 | E11: materials/mp_ucr/items/SF-002.html | F11: The participant covered their ears. | G11: supported | H11: The participant directly states that they covered their ears. | I11: 3 | J11: 2026-08-09T18:55:59+0800 | K11: =IF(AND(OR(G11="supported",G11="unsupported"),LEN(TRIM(H11))>=12,AND(ISNUMBER(I11),I11>=1,I11<=3),LEN(J11)>=20,ISNUMBER(SEARCH("T",J11))),"PASS","CHECK") -> PASS
A12: purrstone-v10.2-ucr-phase2-r1-20260809 | B12: SF-002-P02 | C12: SF-002 | D12: Coder01 | E12: materials/mp_ucr/items/SF-002.html | F12: The participant focused on slow breathing. | G12: supported | H12: The source directly reports that the participant focused on slow breathing. | I12: 3 | J12: 2026-08-09T18:57:21+0800 | K12: =IF(AND(OR(G12="supported",G12="unsupported"),LEN(TRIM(H12))>=12,AND(ISNUMBER(I12),I12>=1,I12<=3),LEN(J12)>=20,ISNUMBER(SEARCH("T",J12))),"PASS","CHECK") -> PASS
A13: purrstone-v10.2-ucr-phase2-r1-20260809 | B13: SF-002-P03 | C13: SF-002 | D13: Coder01 | E13: materials/mp_ucr/items/SF-002.html | F13: The participant left at the next stop. | G13: supported | H13: The participant explicitly says they left at the next stop. | I13: 3 | J13: 2026-08-09T18:58:25+0800 | K13: =IF(AND(OR(G13="supported",G13="unsupported"),LEN(TRIM(H13))>=12,AND(ISNUMBER(I13),I13>=1,I13<=3),LEN(J13)>=20,ISNUMBER(SEARCH("T",J13))),"PASS","CHECK") -> PASS
A14: purrstone-v10.2-ucr-phase2-r1-20260809 | B14: SF-002-P04 | C14: SF-002 | D14: Coder01 | E14: materials/mp_ucr/items/SF-002.html | F14: A quieter carriage would have helped the participant. | G14: supported | H14: The participant states that a quieter carriage would have helped. | I14: 3 | J14: 2026-08-09T18:59:40+0800 | K14: =IF(AND(OR(G14="supported",G14="unsupported"),LEN(TRIM(H14))>=12,AND(ISNUMBER(I14),I14>=1,I14<=3),LEN(J14)>=20,ISNUMBER(SEARCH("T",J14))),"PASS","CHECK") -> PASS
A15: purrstone-v10.2-ucr-phase2-r1-20260809 | B15: SF-002-P05 | C15: SF-002 | D15: Coder01 | E15: materials/mp_ucr/items/SF-002.html | F15: A warning before the alarm would have helped the participant. | G15: supported | H15: The source says that a warning before the alarm would have helped. | I15: 3 | J15: 2026-08-09T19:01:06+0800 | K15: =IF(AND(OR(G15="supported",G15="unsupported"),LEN(TRIM(H15))>=12,AND(ISNUMBER(I15),I15>=1,I15<=3),LEN(J15)>=20,ISNUMBER(SEARCH("T",J15))),"PASS","CHECK") -> PASS
A16: purrstone-v10.2-ucr-phase2-r1-20260809 | B16: SF-002-P06 | C16: SF-002 | D16: Coder01 | E16: materials/mp_ucr/items/SF-002.html | F16: The repeated announcements did not help because they added more noise. | G16: supported | H16: The source explicitly links the announcements not helping to their adding more noise. | I16: 3 | J16: 2026-08-09T19:02:14+0800 | K16: =IF(AND(OR(G16="supported",G16="unsupported"),LEN(TRIM(H16))>=12,AND(ISNUMBER(I16),I16>=1,I16<=3),LEN(J16)>=20,ISNUMBER(SEARCH("T",J16))),"PASS","CHECK") -> PASS
... A50: purrstone-v10.2-ucr-phase2-r1-20260809 | B50: SF-009-P03 | C50: SF-009 | D50: Coder01 | E50: materials/mp_ucr/items/SF-009.html | F50: Scent would be a concern for people nearby in a shared space. | G50: supported | H50: The participant directly says scent would be a concern for people nearby in a shared space. | I50: 3 | J50: 2026-08-09T19:59:05+0800 | K50: =IF(AND(OR(G50="supported",G50="unsupported"),LEN(TRIM(H50))>=12,AND(ISNUMBER(I50),I50>=1,I50<=3),LEN(J50)>=20,ISNUMBER(SEARCH("T",J50))),"PASS","CHECK") -> PASS

Sheet Codebook
A1: UCR Phase 2 codebook | B1: UCR Phase 2 codebook | C1: UCR Phase 2 codebook | D1: UCR Phase 2 codebook
A3: Field | B3: Allowed value | C3: Operational definition | D3: Common error to avoid
A4: Support label | B4: supported | C4: Every material element of the frozen proposition is directly stated or clearly entailed by the displayed participant source. Paraphrase is allowed. | D4: Do not mark supported merely because the proposition sounds plausible or appears in the final reviewed evidence.
A5: Support label | B5: unsupported | C5: At least one material element is added, contradicted, or not established by the displayed participant source. Identify the unsupported element in the rationale. | D5: There is no partial, uncertain, N/A, or majority-supported label in this frozen Phase 2 rule.
A6: Causal claims | B6: supported / unsupported | C6: A causal relation must be present in the source; co-occurrence alone is insufficient. | D6: Do not infer that an event caused a feeling only because both are mentioned.
A7: Qualifier | B7: preserve strength | C7: Modal and strength terms such as might, would, strongest, and optional are material. | D7: Do not silently strengthen might to will or one of the strongest to the single strongest.
A8: Rationale | B8: source based | C8: Briefly state which source wording supports the proposition, or which exact element lacks support. | D8: Do not refer to the system, condition, expected result, or another coder.
A9: Confidence | B9: 1 | C9: Low confidence: the source-to-proposition relation is genuinely difficult to interpret. | D9: Do not use confidence as a replacement for the binary label.
A10: Confidence | B10: 2 | C10: Moderate confidence: a defensible judgement with some interpretive uncertainty.
A11: Confidence | B11: 3 | C11: High confidence: the source relation is direct and clear.
A13: Frozen inventory rule | B13: Do not merge, split, delete, reword, or add propositions.
A14: Duplicate-looking items | B14: Judge each blind item as presented; do not skip a row because wording resembles another item.
A15: Evidence boundary | B15: Use only the participant source displayed in the corresponding SF HTML page.

Sheet QA Summary
A1: Phase 2 QA summary | B1: Phase 2 QA summary | C1: Phase 2 QA summary
A3: Check | B3: Observed | C3: Expected
A4: Frozen proposition rows | B4: =COUNTA('Phase 2 Coding'!B5:B50) -> 46 | C4: 46
A5: Support labels entered | B5: =COUNTIF('Phase 2 Coding'!G5:G50,"supported")+COUNTIF('Phase 2 Coding'!G5:G50,"unsupported") -> 46 | C5: 46
A6: Rationales entered | B6: =COUNTIF('Phase 2 Coding'!H5:H50,"<>") -> 46 | C6: 46
A7: Confidence values entered | B7: =COUNT('Phase 2 Coding'!I5:I50) -> 46 | C7: 46
A8: Timestamps entered | B8: =COUNTIF('Phase 2 Coding'!J5:J50,"?*") -> 46 | C8: 46
A9: Rows showing PASS | B9: =COUNTIF('Phase 2 Coding'!K5:K50,"PASS") -> 46 | C9: 46
A10: Rows showing CHECK | B10: =COUNTIF('Phase 2 Coding'!K5:K50,"CHECK") -> 0 | C10: 0
A11: Required declarations confirmed | B11: =COUNTIF('Start Here'!B11:B15,"Yes")+COUNTIF('Start Here'!B20,"Yes") -> 6 | C11: 6
A12: Inventory hash matches package | B12: f8708132168cb35d63769dc2c50929bc67ab6856e991a9accb53ad0efe3645d6 | C12: f8708132168cb35d63769dc2c50929bc67ab6856e991a9accb53ad0efe3645d6
A14: Overall workbook QA | B14: =IF(AND(B4=C4,B5=C5,B6=C6,B7=C7,B8=C8,B9=C9,B10=C10,B11=C11,B12=C12),"PASS","CHECK") -> PASS | C14: PASS
