Workbook

Sheet Start Here
A1: PurrStone v10.2 — Coder01 UCR Phase 2
A4: Complete this workbook independently. Both coders receive the same jointly frozen 46-proposition inventory. Do not discuss labels, seek hidden identities, alter propositions, or use AI/automated assistance.
A6: Package build ID | B6: purrstone-v10.2-matched-draft-phase2-r1-20260810-coder01
A7: Material-set SHA-256 | B7: 67afa8c732e79b430031f6e40678989fd5efe1fd65c0fb26d6527be54b050901
A8: Repaired reconciliation SHA-256 | B8: bf8cd195ad50a5aee30d58242726d45fcb61345381054c23209372f9e1edfed3
A9: Frozen inventory SHA-256 | B9: 13d47828d236e1df9394d6bf14c3b2bf62df706903e77a22c4ba9534f8b96f79
A10: Assigned coder ID | B10: Coder01
A11: Full name | B11: Coder01
A12: Phase 2 protocol read in full? | B12: Yes
A13: Worked independently and did not discuss support labels? | B13: Yes
A14: Did not seek the condition/item identity key? | B14: Yes
A15: Used only the displayed participant source? | B15: Yes
A16: No AI or automated assistance used for judgments? | B16: Yes
A17: Started at (ISO 8601 with timezone) | B17: 46244.697
A18: Completed at (ISO 8601 with timezone) | B18: 46244.717
A19: Typed name / signature | B19: Coder01
A21: Declaration QA | B21: =IF(AND(B11<>"",B12="Yes",B13="Yes",B14="Yes",B15="Yes",B16="Yes",OR(ISNUMBER(B17),LEN(B17)>=20),OR(ISNUMBER(B18),LEN(B18)>=20),B19<>""),"PASS","INCOMPLETE") -> PASS
A24: 1 — Scope | B24: Phase 2 evaluates the 46 jointly reconciled atomic propositions from the same nine blind unique draft–source bundles used in Phase 1. The inventory is frozen; do not split, merge, rewrite or delete propositions.
A25: 2 — Supported | B25: Select Supported only when every material part of the proposition is directly stated by, or clearly entailed by, the displayed participant source. For a causal or conditional proposition, the stated relation must also be supported.
A26: 3 — Unsupported | B26: Select Unsupported when any material part is absent from the source, contradicted by the source, or adds a relationship the source does not support. Explain the exact unsupported part in the rationale.
A27: 4 — Unclear | B27: Use Unclear only when the displayed participant source is genuinely ambiguous or insufficient to decide. Do not use it merely because confidence is below 3.
A28: 5 — Rationale and confidence | B28: Give a concise source-based rationale of at least 10 characters and a confidence score: 1 = low, 2 = moderate, 3 = high. Use an ISO 8601 completion timestamp with timezone for every row.
A29: 6 — Independence and submission | B29: Complete all 46 rows independently. Do not discuss labels or unblind. Return only this completed workbook with the filename unchanged when Overall Phase 2 QA = PASS.

Sheet Materials
A1: Blind materials — unchanged from Phase 1
A4: Use only these texts. Topic labels are neutral navigation aids; condition, scenario, run and pair identities remain concealed.
A6: Blind item ID | B6: Topic | C6: Generated draft | D6: Participant source
A7: MD-001 | B7: Experience | C7: Typed response extract: “It happened on a train.” “The train was packed and it stopped suddenly with a loud screeching noise. I could not move away from the crowd, and I felt trapped and overwhelmed.” | D7: SRC-01: It happened on a train. SRC-02: The train was packed and it stopped suddenly with a loud screeching noise. I could not move away from the crowd, and I felt trapped and overwhelmed.
A8: MD-002 | B8: Experience | C8: Typed response extract: “It happened on a train.” “I do not remember anything else about it.” | D8: SRC-01: It happened on a train. SRC-02: I do not remember anything else about it.
A9: MD-003 | B9: Experience | C9: Typed response extract: “A recent example was a crowded train that stopped between stations while alarms sounded. The noise and lack of space made me feel trapped and overwhelmed.” | D9: SRC-01: A recent example was a crowded train that stopped between stations while alarms sounded. The noise and lack of space made me feel trapped and overwhelmed.
A10: MD-004 | B10: Support concept reaction | C10: Typed response extract: “The squeeze interaction seems useful because it would give my hands a focus, and gentle haptics might help me pace my breathing. I would avoid scent because it can be another trigger, and I would want every feature to be optional.” | D10: SRC-01: The squeeze interaction seems useful because it would give my hands a focus, and gentle haptics might help me pace my breathing. I would avoid scent because it can be another trigger, and I would want every feature to be optional.
A11: MD-005 | B11: Coping & support | C11: Typed response extract: “I covered my ears, focused on slow breathing, and left at the next stop. A quieter carriage or a warning before the alarm would have helped. The repeated announcements did not help because they added more noise.” | D11: SRC-01: I covered my ears, focused on slow breathing, and left at the next stop. A quieter carriage or a warning before the alarm would have helped. The repeated announcements did not help because they added more noise.
A12: MD-006 | B12: Experience | C12: Typed response extract: “On a crowded train, the carriage stopped between stations while alarms sounded. The noise and crowding made me feel trapped and overwhelmed.” | D12: SRC-01: On a crowded train, the carriage stopped between stations while alarms sounded. The noise and crowding made me feel trapped and overwhelmed.
A13: MD-007 | B13: Triggers & signs | C13: Typed response extract: “The sharp braking noise, flashing carriage lights, and crowding were the strongest triggers. My shoulders tightened, my heart raced, and I felt panicked.” | D13: SRC-01: The sharp braking noise, flashing carriage lights, and crowding were the strongest triggers. My shoulders tightened, my heart raced, and I felt panicked.
A14: MD-008 | B14: Experience | C14: Typed response extract: “Last month on a crowded train, the carriage stopped between stations while alarms and announcements were sounding. People were pressed close to me, and the combined noise and crowding made me feel trapped and overwhelmed.” | D14: SRC-01: Last month on a crowded train, the carriage stopped between stations while alarms and announcements were sounding. People were pressed close to me, and the combined noise and crowding made me feel trapped and overwhelmed.
A15: MD-009 | B15: Public-use acceptability | C15: Typed response extract: “I might use it while commuting if it looked discreet and made no sound. I would be embarrassed by obvious lights, and scent would be a concern for people nearby in a shared space.” | D15: SRC-01: I might use it while commuting if it looked discreet and made no sound. I would be embarrassed by obvious lights, and scent would be a concern for people nearby in a shared space.

Sheet UCR Coding
A1: UCR Phase 2 — independent source-support coding
A4: Yellow cells are coder inputs. Judge each frozen proposition only against the displayed participant source. Do not alter the proposition text or discuss labels with the other coder.
A6: Proposition ID | B6: Blind item ID | C6: Agreed atomic proposition | D6: Participant source | E6: Support label | F6: Source-based rationale (≥10 chars) | G6: Confidence | H6: Completed at (ISO 8601) | I6: Coder ID | J6: Row QA
A7: MD-001-P01 | B7: MD-001 | C7: The experience happened on a train. | D7: SRC-01: It happened on a train. SRC-02: The train was packed and it stopped suddenly with a loud screeching noise. I could not move away from the crowd, and I felt trapped and overwhelmed. | E7: Supported | F7: The source explicitly says the experience happened on a train. | G7: 3 | H7: 46244.698 | I7: Coder01 | J7: =IF(AND(OR(E7="Supported",E7="Unsupported",E7="Unclear"),LEN(TRIM(F7))>=10,OR(G7=1,G7=2,G7=3),OR(ISNUMBER(H7),AND(LEN(H7)>=20,MID(H7,11,1)="T",OR(RIGHT(H7,1)="Z",AND(LEN(H7)>=25,OR(MID(H7,20,1)="+",MID(H7,20,1)="-"),MID(H7,23,1)=":")))),I7='Start Here'!$B$10),"PASS","INCOMPLETE") -> PASS
A8: MD-001-P02 | B8: MD-001 | C8: The train was packed. | D8: SRC-01: It happened on a train. SRC-02: The train was packed and it stopped suddenly with a loud screeching noise. I could not move away from the crowd, and I felt trapped and overwhelmed. | E8: Supported | F8: The second source line directly describes the train as packed. | G8: 3 | H8: 46244.698 | I8: Coder01 | J8: =IF(AND(OR(E8="Supported",E8="Unsupported",E8="Unclear"),LEN(TRIM(F8))>=10,OR(G8=1,G8=2,G8=3),OR(ISNUMBER(H8),AND(LEN(H8)>=20,MID(H8,11,1)="T",OR(RIGHT(H8,1)="Z",AND(LEN(H8)>=25,OR(MID(H8,20,1)="+",MID(H8,20,1)="-"),MID(H8,23,1)=":")))),I8='Start Here'!$B$10),"PASS","INCOMPLETE") -> PASS
A9: MD-001-P03 | B9: MD-001 | C9: The train stopped suddenly. | D9: SRC-01: It happened on a train. SRC-02: The train was packed and it stopped suddenly with a loud screeching noise. I could not move away from the crowd, and I felt trapped and overwhelmed. | E9: Supported | F9: The source directly states that the train stopped suddenly. | G9: 3 | H9: 46244.699 | I9: Coder01 | J9: =IF(AND(OR(E9="Supported",E9="Unsupported",E9="Unclear"),LEN(TRIM(F9))>=10,OR(G9=1,G9=2,G9=3),OR(ISNUMBER(H9),AND(LEN(H9)>=20,MID(H9,11,1)="T",OR(RIGHT(H9,1)="Z",AND(LEN(H9)>=25,OR(MID(H9,20,1)="+",MID(H9,20,1)="-"),MID(H9,23,1)=":")))),I9='Start Here'!$B$10),"PASS","INCOMPLETE") -> PASS
A10: MD-001-P04 | B10: MD-001 | C10: A loud screeching noise accompanied the stop. | D10: SRC-01: It happened on a train. SRC-02: The train was packed and it stopped suddenly with a loud screeching noise. I could not move away from the crowd, and I felt trapped and overwhelmed. | E10: Supported | F10: The loud screeching noise is explicitly tied to the sudden stop in the source. | G10: 3 | H10: 46244.699 | I10: Coder01 | J10: =IF(AND(OR(E10="Supported",E10="Unsupported",E10="Unclear"),LEN(TRIM(F10))>=10,OR(G10=1,G10=2,G10=3),OR(ISNUMBER(H10),AND(LEN(H10)>=20,MID(H10,11,1)="T",OR(RIGHT(H10,1)="Z",AND(LEN(H10)>=25,OR(MID(H10,20,1)="+",MID(H10,20,1)="-"),MID(H10,23,1)=":")))),I10='Start Here'!$B$10),"PASS","INCOMPLETE") -> PASS
A11: MD-001-P05 | B11: MD-001 | C11: The participant could not move away from the crowd. | D11: SRC-01: It happened on a train. SRC-02: The train was packed and it stopped suddenly with a loud screeching noise. I could not move away from the crowd, and I felt trapped and overwhelmed. | E11: Supported | F11: The participant explicitly says they could not move away from the crowd. | G11: 3 | H11: 46244.699 | I11: Coder01 | J11: =IF(AND(OR(E11="Supported",E11="Unsupported",E11="Unclear"),LEN(TRIM(F11))>=10,OR(G11=1,G11=2,G11=3),OR(ISNUMBER(H11),AND(LEN(H11)>=20,MID(H11,11,1)="T",OR(RIGHT(H11,1)="Z",AND(LEN(H11)>=25,OR(MID(H11,20,1)="+",MID(H11,20,1)="-"),MID(H11,23,1)=":")))),I11='Start Here'!$B$10),"PASS","INCOMPLETE") -> PASS
A12: MD-001-P06 | B12: MD-001 | C12: The participant felt trapped. | D12: SRC-01: It happened on a train. SRC-02: The train was packed and it stopped suddenly with a loud screeching noise. I could not move away from the crowd, and I felt trapped and overwhelmed. | E12: Supported | F12: Feeling trapped is directly reported in the source. | G12: 3 | H12: 46244.699 | I12: Coder01 | J12: =IF(AND(OR(E12="Supported",E12="Unsupported",E12="Unclear"),LEN(TRIM(F12))>=10,OR(G12=1,G12=2,G12=3),OR(ISNUMBER(H12),AND(LEN(H12)>=20,MID(H12,11,1)="T",OR(RIGHT(H12,1)="Z",AND(LEN(H12)>=25,OR(MID(H12,20,1)="+",MID(H12,20,1)="-"),MID(H12,23,1)=":")))),I12='Start Here'!$B$10),"PASS","INCOMPLETE") -> PASS
A13: MD-001-P07 | B13: MD-001 | C13: The participant felt overwhelmed. | D13: SRC-01: It happened on a train. SRC-02: The train was packed and it stopped suddenly with a loud screeching noise. I could not move away from the crowd, and I felt trapped and overwhelmed. | E13: Supported | F13: Feeling overwhelmed is directly reported in the source. | G13: 3 | H13: 46244.7 | I13: Coder01 | J13: =IF(AND(OR(E13="Supported",E13="Unsupported",E13="Unclear"),LEN(TRIM(F13))>=10,OR(G13=1,G13=2,G13=3),OR(ISNUMBER(H13),AND(LEN(H13)>=20,MID(H13,11,1)="T",OR(RIGHT(H13,1)="Z",AND(LEN(H13)>=25,OR(MID(H13,20,1)="+",MID(H13,20,1)="-"),MID(H13,23,1)=":")))),I13='Start Here'!$B$10),"PASS","INCOMPLETE") -> PASS
A14: MD-002-P01 | B14: MD-002 | C14: The experience happened on a train. | D14: SRC-01: It happened on a train. SRC-02: I do not remember anything else about it. | E14: Supported | F14: The first source line directly places the experience on a train. | G14: 3 | H14: 46244.7 | I14: Coder01 | J14: =IF(AND(OR(E14="Supported",E14="Unsupported",E14="Unclear"),LEN(TRIM(F14))>=10,OR(G14=1,G14=2,G14=3),OR(ISNUMBER(H14),AND(LEN(H14)>=20,MID(H14,11,1)="T",OR(RIGHT(H14,1)="Z",AND(LEN(H14)>=25,OR(MID(H14,20,1)="+",MID(H14,20,1)="-"),MID(H14,23,1)=":")))),I14='Start Here'!$B$10),"PASS","INCOMPLETE") -> PASS
A15: MD-002-P02 | B15: MD-002 | C15: The participant did not remember anything else about it. | D15: SRC-01: It happened on a train. SRC-02: I do not remember anything else about it. | E15: Supported | F15: The participant explicitly says they do not remember anything else about the experience. | G15: 3 | H15: 46244.701 | I15: Coder01 | J15: =IF(AND(OR(E15="Supported",E15="Unsupported",E15="Unclear"),LEN(TRIM(F15))>=10,OR(G15=1,G15=2,G15=3),OR(ISNUMBER(H15),AND(LEN(H15)>=20,MID(H15,11,1)="T",OR(RIGHT(H15,1)="Z",AND(LEN(H15)>=25,OR(MID(H15,20,1)="+",MID(H15,20,1)="-"),MID(H15,23,1)=":")))),I15='Start Here'!$B$10),"PASS","INCOMPLETE") -> PASS
A16: MD-003-P01 | B16: MD-003 | C16: The example occurred on a crowded train. | D16: SRC-01: A recent example was a crowded train that stopped between stations while alarms sounded. The noise and lack of space made me feel trapped and overwhelmed. | E16: Supported | F16: The source directly describes the example as occurring on a crowded train. | G16: 3 | H16: 46244.701 | I16: Coder01 | J16: =IF(AND(OR(E16="Supported",E16="Unsupported",E16="Unclear"),LEN(TRIM(F16))>=10,OR(G16=1,G16=2,G16=3),OR(ISNUMBER(H16),AND(LEN(H16)>=20,MID(H16,11,1)="T",OR(RIGHT(H16,1)="Z",AND(LEN(H16)>=25,OR(MID(H16,20,1)="+",MID(H16,20,1)="-"),MID(H16,23,1)=":")))),I16='Start Here'!$B$10),"PASS","INCOMPLETE") -> PASS
A17: MD-003-P02 | B17: MD-003 | C17: The train stopped between stations. | D17: SRC-01: A recent example was a crowded train that stopped between stations while alarms sounded. The noise and lack of space made me feel trapped and overwhelmed. | E17: Supported | F17: The train stopping between stations is explicitly stated. | G17: 3 | H17: 46244.702 | I17: Coder01 | J17: =IF(AND(OR(E17="Supported",E17="Unsupported",E17="Unclear"),LEN(TRIM(F17))>=10,OR(G17=1,G17=2,G17=3),OR(ISNUMBER(H17),AND(LEN(H17)>=20,MID(H17,11,1)="T",OR(RIGHT(H17,1)="Z",AND(LEN(H17)>=25,OR(MID(H17,20,1)="+",MID(H17,20,1)="-"),MID(H17,23,1)=":")))),I17='Start Here'!$B$10),"PASS","INCOMPLETE") -> PASS
A18: MD-003-P03 | B18: MD-003 | C18: Alarms sounded during the event. | D18: SRC-01: A recent example was a crowded train that stopped between stations while alarms sounded. The noise and lack of space made me feel trapped and overwhelmed. | E18: Supported | F18: The source explicitly says alarms sounded during the event. | G18: 3 | H18: 46244.702 | I18: Coder01 | J18: =IF(AND(OR(E18="Supported",E18="Unsupported",E18="Unclear"),LEN(TRIM(F18))>=10,OR(G18=1,G18=2,G18=3),OR(ISNUMBER(H18),AND(LEN(H18)>=20,MID(H18,11,1)="T",OR(RIGHT(H18,1)="Z",AND(LEN(H18)>=25,OR(MID(H18,20,1)="+",MID(H18,20,1)="-"),MID(H18,23,1)=":")))),I18='Start Here'!$B$10),"PASS","INCOMPLETE") -> PASS
... A52: MD-009-P03 | B52: MD-009 | C52: Scent would be a concern for people nearby in a shared space. | D52: SRC-01: I might use it while commuting if it looked discreet and made no sound. I would be embarrassed by obvious lights, and scent would be a concern for people nearby in a shared space. | E52: Supported | F52: The source directly states that scent would be a concern for nearby people in a shared space. | G52: 3 | H52: 46244.717 | I52: Coder01 | J52: =IF(AND(OR(E52="Supported",E52="Unsupported",E52="Unclear"),LEN(TRIM(F52))>=10,OR(G52=1,G52=2,G52=3),OR(ISNUMBER(H52),AND(LEN(H52)>=20,MID(H52,11,1)="T",OR(RIGHT(H52,1)="Z",AND(LEN(H52)>=25,OR(MID(H52,20,1)="+",MID(H52,20,1)="-"),MID(H52,23,1)=":")))),I52='Start Here'!$B$10),"PASS","INCOMPLETE") -> PASS

Sheet QA Summary
A1: Phase 2 QA Summary
A4: Return the workbook only when Overall Phase 2 QA = PASS. Agreement and Cohen's κ are calculated later from the two frozen independent returns, before any disagreement resolution.
A6: Check | B6: Expected | C6: Observed | D6: Status | E6: Interpretation
A7: Frozen proposition rows | B7: 46 | C7: =COUNTA('UCR Coding'!$A$7:$A$52) -> 46 | D7: =IF(C7=B7,"PASS","INCOMPLETE") -> PASS | E7: The jointly frozen common inventory contains 46 proposition instances.
A8: Completed coding rows | B8: 46 | C8: =COUNTIF('UCR Coding'!$J$7:$J$52,"PASS") -> 46 | D8: =IF(C8=B8,"PASS","INCOMPLETE") -> PASS | E8: Every row requires label, source-based rationale, confidence and ISO 8601 timestamp.
A9: Blind items represented | B9: 9 | C9: =COUNTA(A15:A23) -> 9 | D9: =IF(C9=B9,"PASS","INCOMPLETE") -> PASS | E9: All nine blind source bundles must remain represented.
A10: Coder/declaration fields | B10: PASS | C10: ='Start Here'!$B$21 -> PASS | D10: =C10 -> PASS | E10: Identity, declarations, start/completion times and signature are required.
A11: Overall Phase 2 QA | B11: PASS | C11: =IF(AND(C7=46,C8=46,C9=9,C10="PASS"),"PASS","INCOMPLETE") -> PASS | D11: =C11 -> PASS | E11: Return the workbook only when this row is PASS.
A14: Blind item | B14: Expected propositions | C14: Completed rows | D14: Item QA | E14: Note
A15: MD-001 | B15: 7 | C15: =COUNTIFS('UCR Coding'!$B$7:$B$52,A15,'UCR Coding'!$J$7:$J$52,"PASS") -> 7 | D15: =IF(C15=B15,"PASS","INCOMPLETE") -> PASS | E15: All frozen propositions for this blind item must pass row QA.
A16: MD-002 | B16: 2 | C16: =COUNTIFS('UCR Coding'!$B$7:$B$52,A16,'UCR Coding'!$J$7:$J$52,"PASS") -> 2 | D16: =IF(C16=B16,"PASS","INCOMPLETE") -> PASS | E16: All frozen propositions for this blind item must pass row QA.
A17: MD-003 | B17: 5 | C17: =COUNTIFS('UCR Coding'!$B$7:$B$52,A17,'UCR Coding'!$J$7:$J$52,"PASS") -> 5 | D17: =IF(C17=B17,"PASS","INCOMPLETE") -> PASS | E17: All frozen propositions for this blind item must pass row QA.
A18: MD-004 | B18: 4 | C18: =COUNTIFS('UCR Coding'!$B$7:$B$52,A18,'UCR Coding'!$J$7:$J$52,"PASS") -> 4 | D18: =IF(C18=B18,"PASS","INCOMPLETE") -> PASS | E18: All frozen propositions for this blind item must pass row QA.
A19: MD-005 | B19: 6 | C19: =COUNTIFS('UCR Coding'!$B$7:$B$52,A19,'UCR Coding'!$J$7:$J$52,"PASS") -> 6 | D19: =IF(C19=B19,"PASS","INCOMPLETE") -> PASS | E19: All frozen propositions for this blind item must pass row QA.
A20: MD-006 | B20: 5 | C20: =COUNTIFS('UCR Coding'!$B$7:$B$52,A20,'UCR Coding'!$J$7:$J$52,"PASS") -> 5 | D20: =IF(C20=B20,"PASS","INCOMPLETE") -> PASS | E20: All frozen propositions for this blind item must pass row QA.
A21: MD-007 | B21: 6 | C21: =COUNTIFS('UCR Coding'!$B$7:$B$52,A21,'UCR Coding'!$J$7:$J$52,"PASS") -> 6 | D21: =IF(C21=B21,"PASS","INCOMPLETE") -> PASS | E21: All frozen propositions for this blind item must pass row QA.
A22: MD-008 | B22: 8 | C22: =COUNTIFS('UCR Coding'!$B$7:$B$52,A22,'UCR Coding'!$J$7:$J$52,"PASS") -> 8 | D22: =IF(C22=B22,"PASS","INCOMPLETE") -> PASS | E22: All frozen propositions for this blind item must pass row QA.
A23: MD-009 | B23: 3 | C23: =COUNTIFS('UCR Coding'!$B$7:$B$52,A23,'UCR Coding'!$J$7:$J$52,"PASS") -> 3 | D23: =IF(C23=B23,"PASS","INCOMPLETE") -> PASS | E23: All frozen propositions for this blind item must pass row QA.
